Date,Time,RSSI(dB),RxBt(V),Volt(V),Amps(A),RPM(rpm),FET(@C),Cap(@C),mAh(mAh),Rud,Ele,Thr,Ail,S1,6P,S2,EX1,EX2,LS,RS,SA,SB,SC,SD,SE,SF,SG,SH,LSW,TxBat(V)
2020-07-25,22:54:34.190,0,0.0,0.00,0.0,0,0,0,0,0,2,-1024,0,980,-205,-22,0,0,1000,-1,-1,-1,-1,-1,1,-1,1,-1,0x000000000000000C,7.6
2020-07-25,22:55:18.830,0,0.0,0.00,0.0,0,0,0,0,0,2,-1024,0,980,-205,-22,0,0,998,-1,-1,-1,-1,-1,1,-1,1,-1,0x000000000000000C,7.6
2020-07-25,22:55:18.920,0,0.0,0.00,0.0,0,0,0,0,0,2,-1024,0,980,-205,-22,0,0,998,-1,-1,-1,-1,-1,1,-1,1,-1,0x000000000000000C,7.6
2020-07-25,22:55:19.020,0,0.0,0.00,0.0,0,0,0,0,0,1,-1024,0,980,-205,-22,0,0,1000,-1,-1,-1,-1,-1,1,-1,1,-1,0x000000000000000C,7.6
2020-07-25,22:55:19.120,0,0.0,0.00,0.0,0,0,0,0,0,1,-1024,0,980,-205,-22,0,0,998,-1,-1,-1,-1,-1,1,-1,1,-1,0x000000000000000C,7.6
2020-07-25,22:55:19.220,0,0.0,0.00,0.0,0,0,0,0,0,2,-1024,0,980,-205,-22,0,0,1000,-1,-1,-1,-1,-1,1,-1,1,-1,0x000000000000000C,7.6
2020-07-25,22:55:19.320,0,0.0,0.00,0.0,0,0,0,0,0,1,-1024,0,980,-205,-22,0,0,998,-1,-1,-1,-1,-1,1,-1,1,-1,0x000000000000000C,7.6
2020-07-25,22:55:19.420,0,0.0,0.00,0.0,0,0,0,0,0,1,-1024,0,980,-205,-22,0,0,998,-1,-1,-1,-1,-1,1,-1,1,-1,0x000000000000000C,7.6
2020-07-25,22:55:19.520,0,0.0,0.00,0.0,0,0,0,0,0,1,-1024,0,980,-205,-22,0,0,1000,-1,-1,-1,0,-1,1,-1,1,-1,0x000000000000000C,7.6
2020-07-25,22:55:19.620,0,0.0,0.00,0.0,0,0,0,0,0,1,-1024,0,980,-205,-22,0,0,998,-1,-1,-1,1,-1,1,-1,1,-1,0x000000000000000C,7.6
2020-07-25,22:55:19.720,0,0.0,0.00,0.0,0,0,0,0,0,1,-1024,1,980,-205,-22,0,0,1000,-1,-1,-1,1,-1,1,-1,1,-1,0x000000000000000C,7.6
2020-07-25,22:55:19.820,0,0.0,0.00,0.0,0,0,0,0,0,1,-1024,0,980,-205,-22,0,0,1000,-1,-1,-1,1,-1,1,-1,1,-1,0x000000000000000C,7.6
2020-07-25,22:55:19.920,0,0.0,0.00,0.0,0,0,0,0,0,1,-1024,0,980,-205,-22,0,0,998,-1,-1,-1,1,-1,1,-1,1,-1,0x000000000000000C,7.6
2020-07-25,22:55:20.020,0,0.0,0.00,0.0,0,0,0,0,0,2,-1024,1,980,-205,-22,0,0,998,-1,-1,-1,1,-1,1,-1,1,-1,0x000000000000000C,7.6
2020-07-25,22:55:20.120,0,0.0,0.00,0.0,0,0,0,0,0,2,-1024,0,980,-205,-22,0,0,998,-1,-1,-1,1,-1,1,-1,1,-1,0x000000000000000C,7.6
2020-07-25,22:55:20.220,0,0.0,0.00,0.0,0,0,0,0,0,2,-1024,0,980,-205,-22,0,0,1000,-1,-1,-1,1,-1,1,-1,1,-1,0x000000000000000C,7.6
2020-07-25,22:55:20.320,0,0.0,0.00,0.0,0,0,0,0,0,1,-1024,1,980,-205,-22,0,0,998,-1,-1,-1,1,-1,1,-1,1,-1,0x000000000000000C,7.6
2020-07-25,22:55:20.420,0,0.0,0.00,0.0,0,0,0,0,0,1,-1024,0,980,-205,-22,0,0,998,-1,-1,-1,1,-1,1,-1,1,-1,0x000000000000000C,7.6
2020-07-25,22:55:20.520,0,0.0,0.00,0.0,0,0,0,0,0,1,-1024,0,980,-205,-22,0,0,1000,-1,-1,-1,1,-1,1,-1,1,-1,0x000000000000000C,7.6
2020-07-25,22:55:20.620,0,0.0,0.00,0.0,0,0,0,0,0,1,-1024,1,980,-205,-22,0,0,998,-1,-1,-1,1,-1,1,-1,1,-1,0x000000000000000C,7.6
2020-07-25,22:55:20.720,0,0.0,0.00,0.0,0,0,0,0,0,2,-1024,0,980,-205,-22,0,0,998,-1,-1,-1,1,-1,1,-1,1,-1,0x000000000000000C,7.6
2020-07-25,22:55:20.820,0,0.0,0.00,0.0,0,0,0,0,0,1,-1024,0,980,-205,-22,0,0,1000,-1,-1,-1,1,-1,1,-1,1,-1,0x000000000000000C,7.6
2020-07-25,22:55:20.920,0,0.0,0.00,0.0,0,0,0,0,0,2,-1024,0,980,-205,-22,0,0,1000,-1,-1,-1,1,-1,1,-1,1,-1,0x000000000000000C,7.6
2020-07-25,22:55:21.020,0,0.0,0.00,0.0,0,0,0,0,0,1,-1024,0,980,-205,-22,0,0,1000,-1,-1,-1,1,-1,1,-1,1,-1,0x000000000000000C,7.6
2020-07-25,22:55:21.120,0,0.0,0.00,0.0,0,0,0,0,0,2,-1024,0,980,-205,-22,0,0,1000,-1,-1,-1,1,-1,1,-1,1,-1,0x000000000000000C,7.6
2020-07-25,22:55:21.220,0,0.0,0.00,0.0,0,0,0,0,0,2,-1024,0,980,-205,-22,0,0,998,-1,-1,-1,1,-1,1,-1,1,-1,0x000000000000000C,7.6
2020-07-25,22:55:21.320,0,0.0,0.00,0.0,0,0,0,0,0,1,-1024,1,980,-205,-22,0,0,998,-1,-1,-1,1,-1,1,-1,1,-1,0x000000000000000C,7.6
2020-07-25,22:55:21.420,0,0.0,0.00,0.0,0,0,0,0,0,2,-1024,0,980,-205,-22,0,0,998,-1,-1,-1,1,-1,1,-1,1,-1,0x000000000000000C,7.6
2020-07-25,22:55:21.520,0,0.0,0.00,0.0,0,0,0,0,-1,1,-1024,0,980,-205,-22,0,0,998,-1,-1,-1,1,-1,0,-1,1,-1,0x000000000000000A,7.6
2020-07-25,22:55:21.620,0,0.0,0.00,0.0,0,0,0,0,0,1,-1024,0,980,-205,-22,0,0,998,-1,-1,-1,1,-1,0,-1,1,-1,0x000000000000000A,7.6
2020-07-25,22:55:21.720,0,0.0,0.00,0.0,0,0,0,0,0,1,-1024,0,980,-205,-22,0,0,998,-1,-1,-1,1,-1,-1,-1,1,-1,0x0000000000000009,7.6
2020-07-25,22:55:21.820,0,0.0,0.00,0.0,0,0,0,0,0,1,-1024,0,980,-205,-22,0,0,1000,-1,-1,-1,1,-1,-1,-1,1,-1,0x0000000000000009,7.6
2020-07-25,22:55:21.920,0,0.0,0.00,0.0,0,0,0,0,0,1,-1024,0,980,-205,-22,0,0,998,-1,-1,-1,1,-1,-1,-1,1,-1,0x0000000000000009,7.6
2020-07-25,22:55:22.020,0,0.0,0.00,0.0,0,0,0,0,0,2,-1024,0,980,-205,-22,0,0,998,-1,-1,-1,1,-1,-1,-1,1,-1,0x0000000000000009,7.6
2020-07-25,22:55:22.980,0,0.0,0.00,0.0,0,0,0,0,0,1,-1024,0,980,-205,-22,0,0,998,-1,-1,-1,1,-1,-1,-1,1,-1,0x0000000000000009,7.6
2020-07-25,22:55:23.070,0,0.0,0.00,0.0,0,0,0,0,0,1,-1024,0,980,-205,-22,0,0,1000,-1,-1,-1,1,-1,-1,-1,1,-1,0x0000000000000009,7.6
2020-07-25,22:55:23.170,0,0.0,0.00,0.0,0,0,0,0,0,1,-1024,0,980,-205,-22,0,0,998,-1,-1,-1,1,-1,-1,-1,1,-1,0x0000000000000009,7.6
2020-07-25,22:55:23.270,0,0.0,0.00,0.0,0,0,0,0,0,1,-1024,1,980,-205,-22,0,0,1000,-1,-1,-1,1,-1,-1,-1,1,-1,0x0000000000000009,7.6
2020-07-25,22:56:01.250,0,0.0,0.00,0.0,0,0,0,0,0,1,-1024,1,980,-205,-22,0,0,1000,-1,-1,-1,1,-1,1,-1,1,-1,0x000000000000000C,7.6
2020-07-25,22:56:01.340,0,0.0,0.00,0.0,0,0,0,0,-1,1,-1024,0,980,-205,-22,0,0,1000,-1,-1,-1,1,-1,1,-1,1,-1,0x000000000000000C,7.6
2020-07-25,22:56:01.440,0,0.0,0.00,0.0,0,0,0,0,-1,1,-1024,1,980,-205,-22,0,0,1000,-1,-1,-1,1,-1,1,-1,1,-1,0x000000000000000C,7.6
2020-07-25,22:56:01.540,0,0.0,0.00,0.0,0,0,0,0,-1,2,-1024,0,980,-205,-22,0,0,1000,-1,-1,-1,1,-1,1,-1,1,-1,0x000000000000000C,7.6
2020-07-25,22:56:01.640,0,0.0,0.00,0.0,0,0,0,0,0,1,-1024,1,980,-205,-22,0,0,1000,-1,-1,-1,1,-1,1,-1,1,-1,0x000000000000000C,7.6
2020-07-25,22:56:01.740,0,0.0,0.00,0.0,0,0,0,0,0,1,-1024,0,980,-205,-22,0,0,1000,-1,-1,-1,1,-1,1,-1,1,-1,0x000000000000000C,7.6
2020-07-25,22:56:01.840,0,0.0,0.00,0.0,0,0,0,0,0,1,-1024,0,980,-205,-22,0,0,1000,-1,-1,-1,1,-1,1,-1,1,-1,0x000000000000000C,7.6
2020-07-25,22:56:01.940,0,0.0,0.00,0.0,0,0,0,0,0,1,-1024,1,980,-205,-22,0,0,1000,-1,-1,-1,1,-1,1,-1,1,-1,0x000000000000000C,7.6
2020-07-25,22:56:02.040,0,0.0,0.00,0.0,0,0,0,0,-1,1,-1024,0,980,-205,-22,0,0,1000,-1,-1,-1,1,-1,1,-1,1,-1,0x000000000000000C,7.6
2020-07-25,22:56:02.140,0,0.0,0.00,0.0,0,0,0,0,0,2,-1024,0,980,-205,-22,0,0,998,-1,-1,-1,1,-1,1,-1,1,-1,0x000000000000000C,7.6
2020-07-25,22:56:02.240,0,0.0,0.00,0.0,0,0,0,0,0,1,-1024,1,980,-205,-22,0,0,998,-1,-1,-1,1,-1,1,-1,1,-1,0x000000000000000C,7.6
2020-07-25,22:56:02.340,0,0.0,0.00,0.0,0,0,0,0,0,1,-1024,1,980,-205,-22,0,0,1000,-1,-1,-1,1,-1,1,-1,1,-1,0x000000000000000C,7.6
2020-07-25,22:56:02.440,0,0.0,0.00,0.0,0,0,0,0,0,1,-1024,1,980,-205,-22,0,0,1000,-1,-1,-1,1,-1,1,-1,1,-1,0x000000000000000C,7.6
2020-07-25,22:56:02.540,0,0.0,0.00,0.0,0,0,0,0,0,1,-1024,1,980,-205,-22,0,0,1000,-1,-1,-1,1,-1,1,-1,1,-1,0x000000000000000C,7.6
2020-07-25,22:56:02.640,0,0.0,0.00,0.0,0,0,0,0,0,1,-1024,0,980,-205,-22,0,0,1000,-1,-1,-1,1,-1,1,-1,1,-1,0x000000000000000C,7.6
2020-07-25,22:56:02.740,0,0.0,0.00,0.0,0,0,0,0,-1,1,-1024,0,980,-205,-22,0,0,1000,-1,-1,-1,1,-1,1,-1,1,-1,0x000000000000000C,7.6
2020-07-25,22:56:02.840,0,0.0,0.00,0.0,0,0,0,0,0,1,-1024,1,980,-205,-22,0,0,1000,-1,-1,-1,1,-1,0,-1,1,-1,0x000000000000000A,7.6
2020-07-25,22:56:02.940,0,0.0,0.00,0.0,0,0,0,0,-1,1,-1024,1,980,-205,-22,0,0,1000,-1,-1,-1,1,-1,0,-1,1,-1,0x000000000000000A,7.6
2020-07-25,22:56:03.040,0,0.0,0.00,0.0,0,0,0,0,0,1,-1024,1,980,-205,-22,0,0,998,-1,-1,-1,1,-1,-1,-1,1,-1,0x0000000000000009,7.6
2020-07-25,22:56:03.140,0,0.0,0.00,0.0,0,0,0,0,-1,1,-1024,0,980,-205,-22,0,0,998,-1,-1,-1,1,-1,-1,-1,1,-1,0x0000000000000009,7.6
2020-07-25,22:56:03.240,0,0.0,0.00,0.0,0,0,0,0,-1,1,-1024,0,980,-205,-22,0,0,1000,-1,-1,-1,1,-1,-1,-1,1,-1,0x0000000000000009,7.6
2020-07-25,22:56:03.340,0,0.0,0.00,0.0,0,0,0,0,0,1,-1024,1,980,-205,-22,0,0,1000,-1,-1,-1,1,-1,-1,-1,1,-1,0x0000000000000009,7.6
2020-07-25,22:56:03.440,0,0.0,0.00,0.0,0,0,0,0,0,1,-1024,1,980,-205,-22,0,0,1000,-1,-1,-1,1,-1,-1,-1,1,-1,0x0000000000000009,7.6
2020-07-25,22:56:03.540,0,0.0,0.00,0.0,0,0,0,0,0,1,-1024,0,980,-205,-22,0,0,998,-1,-1,-1,1,-1,-1,-1,1,-1,0x0000000000000009,7.6
2020-07-25,22:56:03.640,0,0.0,0.00,0.0,0,0,0,0,0,1,-1024,1,980,-205,-22,0,0,1000,-1,-1,-1,1,-1,-1,-1,1,-1,0x0000000000000009,7.6
2020-07-25,22:56:03.750,0,0.0,0.00,0.0,0,0,0,0,-1,1,-1024,0,980,-205,-22,0,0,1000,-1,-1,-1,1,-1,-1,-1,1,-1,0x0000000000000009,7.6
2020-07-25,22:56:03.850,0,0.0,0.00,0.0,0,0,0,0,0,1,-1024,1,980,-205,-22,0,0,998,-1,-1,-1,1,-1,-1,-1,1,-1,0x0000000000000009,7.6
2020-07-25,22:56:03.950,0,0.0,0.00,0.0,0,0,0,0,0,1,-1024,0,980,-205,-22,0,0,1000,-1,-1,-1,1,-1,-1,-1,1,-1,0x0000000000000009,7.6
2020-07-25,22:57:09.370,0,0.0,0.00,0.0,0,0,0,0,0,1,-1024,1,980,-205,-22,0,0,1000,-1,-1,-1,1,-1,-1,-1,1,-1,0x0000000000000000,7.6
2020-07-25,22:57:09.500,0,0.0,0.00,0.0,0,0,0,0,-1,1,-1024,0,980,-205,-22,0,0,1000,-1,-1,-1,1,-1,-1,-1,1,-1,0x0000000000000000,7.6
2020-07-25,22:57:09.630,0,0.0,0.00,0.0,0,0,0,0,0,1,-1024,0,980,-205,-22,0,0,1000,-1,-1,-1,1,-1,-1,-1,1,-1,0x0000000000000000,7.6
2020-07-25,22:57:09.730,0,0.0,0.00,0.0,0,0,0,0,0,1,-1024,1,980,-205,-22,0,0,1000,-1,-1,-1,1,-1,-1,-1,1,-1,0x0000000000000000,7.6
2020-07-25,22:57:09.830,0,0.0,0.00,0.0,0,0,0,0,-1,1,-1024,0,980,-205,-22,0,0,1000,-1,-1,-1,1,-1,-1,-1,1,-1,0x0000000000000000,7.6
2020-07-25,22:57:09.930,0,0.0,0.00,0.0,0,0,0,0,-1,1,-1024,0,980,-205,-22,0,0,1000,-1,-1,-1,1,-1,-1,-1,1,-1,0x0000000000000000,7.6
2020-07-25,22:57:10.030,0,0.0,0.00,0.0,0,0,0,0,-1,1,-1024,0,980,-205,-22,0,0,1000,-1,-1,-1,1,-1,-1,-1,1,-1,0x0000000000000000,7.6
2020-07-25,22:57:10.130,0,0.0,0.00,0.0,0,0,0,0,0,1,-1024,0,980,-205,-22,0,0,1000,-1,-1,-1,1,-1,-1,-1,1,-1,0x0000000000000000,7.6
2020-07-25,22:57:10.230,0,0.0,0.00,0.0,0,0,0,0,-1,2,-1024,0,980,-205,-22,0,0,1000,-1,-1,-1,1,-1,-1,-1,1,-1,0x0000000000000000,7.6
2020-07-25,22:57:10.330,0,0.0,0.00,0.0,0,0,0,0,0,1,-1024,0,980,-205,-22,0,0,1000,-1,-1,-1,1,-1,-1,-1,1,-1,0x0000000000000000,7.6
2020-07-25,22:57:10.430,0,0.0,0.00,0.0,0,0,0,0,0,1,-1024,0,980,-205,-22,0,0,1000,-1,-1,-1,1,-1,-1,-1,1,-1,0x0000000000000000,7.6
2020-07-25,22:57:10.530,0,0.0,0.00,0.0,0,0,0,0,-1,1,-1024,0,980,-205,-22,0,0,1000,-1,-1,-1,1,-1,-1,-1,1,-1,0x0000000000000000,7.6
2020-07-25,22:57:10.630,0,0.0,0.00,0.0,0,0,0,0,-1,1,-1024,0,980,-205,-22,0,0,1000,-1,-1,-1,1,-1,-1,-1,1,-1,0x0000000000000000,7.6
2020-07-25,22:57:10.730,0,0.0,0.00,0.0,0,0,0,0,0,1,-1024,0,980,-205,-22,0,0,1000,-1,-1,-1,1,-1,-1,-1,1,-1,0x0000000000000000,7.6
2020-07-25,22:57:10.830,0,0.0,0.00,0.0,0,0,0,0,-1,1,-1024,0,980,-205,-22,0,0,1000,-1,-1,-1,1,-1,-1,-1,1,-1,0x0000000000000000,7.6
2020-07-25,22:57:10.930,0,0.0,0.00,0.0,0,0,0,0,0,1,-1024,0,980,-205,-22,0,0,1000,-1,-1,-1,1,-1,-1,-1,1,-1,0x0000000000000000,7.6
2020-07-25,22:57:11.030,0,0.0,0.00,0.0,0,0,0,0,-1,2,-1024,0,980,-205,-22,0,0,1000,-1,-1,-1,1,-1,-1,-1,1,-1,0x0000000000000000,7.6
2020-07-25,22:57:11.130,0,0.0,0.00,0.0,0,0,0,0,0,1,-1024,0,980,-205,-22,0,0,1000,-1,-1,-1,1,-1,-1,-1,1,-1,0x0000000000000000,7.6
2020-07-25,22:57:11.230,0,0.0,0.00,0.0,0,0,0,0,0,1,-1024,0,980,-205,-22,0,0,1000,-1,-1,-1,1,-1,-1,-1,1,-1,0x0000000000000000,7.6
2020-07-25,22:57:11.330,0,0.0,0.00,0.0,0,0,0,0,-1,1,-1024,0,980,-205,-22,0,0,1000,-1,-1,-1,1,-1,-1,-1,1,-1,0x0000000000000000,7.6
2020-07-25,22:57:11.430,0,0.0,0.00,0.0,0,0,0,0,0,2,-1024,0,980,-205,-22,0,0,1000,-1,-1,-1,1,-1,-1,-1,1,-1,0x0000000000000000,7.6
2020-07-25,22:57:11.530,0,0.0,0.00,0.0,0,0,0,0,0,2,-1024,0,980,-205,-22,0,0,1000,-1,-1,-1,1,-1,-1,-1,1,-1,0x0000000000000000,7.6
2020-07-25,22:57:11.630,0,0.0,0.00,0.0,0,0,0,0,0,1,-1024,0,980,-205,-22,0,0,1000,-1,-1,-1,1,-1,-1,-1,1,-1,0x0000000000000000,7.6
2020-07-25,22:57:11.730,0,0.0,0.00,0.0,0,0,0,0,0,1,-1024,0,980,-205,-22,0,0,1000,-1,-1,-1,1,-1,-1,-1,1,-1,0x0000000000000000,7.6
2020-07-25,22:57:11.830,0,0.0,0.00,0.0,0,0,0,0,-1,2,-1024,0,980,-205,-22,0,0,1000,-1,-1,-1,1,-1,-1,-1,1,-1,0x0000000000000000,7.6
2020-07-25,22:57:11.930,0,0.0,0.00,0.0,0,0,0,0,0,1,-1024,0,980,-205,-22,0,0,1000,-1,-1,-1,1,-1,-1,-1,1,-1,0x0000000000000000,7.6
2020-07-25,22:57:12.030,0,0.0,0.00,0.0,0,0,0,0,0,1,-1024,0,980,-205,-22,0,0,1000,-1,-1,-1,1,-1,-1,-1,1,-1,0x0000000000000000,7.6
2020-07-25,22:57:12.130,0,0.0,0.00,0.0,0,0,0,0,0,2,-1024,0,980,-205,-22,0,0,1000,-1,-1,-1,1,-1,-1,-1,1,-1,0x0000000000000000,7.6
2020-07-25,22:57:12.230,0,0.0,0.00,0.0,0,0,0,0,0,1,-1024,0,980,-205,-22,0,0,1000,-1,-1,-1,1,-1,-1,-1,1,-1,0x0000000000000000,7.6
2020-07-25,22:57:12.330,0,0.0,0.00,0.0,0,0,0,0,-1,1,-1024,0,980,-205,-22,0,0,1000,-1,-1,-1,1,-1,-1,-1,1,-1,0x0000000000000000,7.6
2020-07-25,22:57:12.430,0,0.0,0.00,0.0,0,0,0,0,-1,1,-1024,0,980,-205,-22,0,0,1000,-1,-1,-1,1,-1,-1,-1,1,-1,0x0000000000000000,7.6
2020-07-25,22:57:12.530,0,0.0,0.00,0.0,0,0,0,0,0,2,-1024,0,980,-205,-22,0,0,1000,-1,-1,-1,1,-1,-1,-1,1,-1,0x0000000000000000,7.6
2020-07-25,22:57:12.630,0,0.0,0.00,0.0,0,0,0,0,0,2,-1024,0,980,-205,-22,0,0,1000,-1,-1,-1,1,-1,-1,-1,1,-1,0x0000000000000000,7.6
2020-07-25,22:57:12.730,0,0.0,0.00,0.0,0,0,0,0,-1,1,-1024,0,980,-205,-22,0,0,1000,-1,-1,-1,1,-1,-1,-1,1,-1,0x0000000000000000,7.6
2020-07-25,22:57:12.830,0,0.0,0.00,0.0,0,0,0,0,0,1,-1024,0,980,-205,-22,0,0,1000,-1,-1,-1,1,-1,-1,-1,1,-1,0x0000000000000000,7.6
2020-07-25,22:57:12.930,0,0.0,0.00,0.0,0,0,0,0,0,1,-1024,0,980,-205,-22,0,0,1000,-1,-1,-1,1,-1,-1,-1,1,-1,0x0000000000000000,7.6
2020-07-25,22:57:13.030,0,0.0,0.00,0.0,0,0,0,0,0,1,-1024,0,980,-205,-22,0,0,1000,-1,-1,-1,1,-1,-1,-1,1,-1,0x0000000000000000,7.6
2020-07-25,22:57:13.130,0,0.0,0.00,0.0,0,0,0,0,-1,1,-1024,0,980,-205,-22,0,0,1000,-1,-1,-1,1,-1,-1,-1,1,-1,0x0000000000000000,7.6
2020-07-25,22:57:13.230,0,0.0,0.00,0.0,0,0,0,0,0,1,-1024,0,980,-205,-22,0,0,1000,-1,-1,-1,1,-1,-1,-1,1,-1,0x0000000000000000,7.6
2020-07-25,22:57:13.330,0,0.0,0.00,0.0,0,0,0,0,0,2,-1024,0,980,-205,-22,0,0,1000,-1,-1,-1,1,-1,-1,-1,1,-1,0x0000000000000000,7.6
2020-07-25,22:57:13.430,0,0.0,0.00,0.0,0,0,0,0,0,1,-1024,0,980,-205,-22,0,0,1000,-1,-1,-1,1,-1,-1,-1,1,-1,0x0000000000000000,7.6
2020-07-25,22:57:13.530,0,0.0,0.00,0.0,0,0,0,0,0,2,-1024,0,980,-205,-22,0,0,1000,-1,-1,-1,1,-1,-1,-1,1,-1,0x0000000000000000,7.6
2020-07-25,22:57:13.630,0,0.0,0.00,0.0,0,0,0,0,0,1,-1024,0,980,-205,-22,0,0,1000,-1,-1,-1,1,-1,-1,-1,1,-1,0x0000000000000000,7.6
2020-07-25,22:57:13.730,0,0.0,0.00,0.0,0,0,0,0,0,2,-1024,0,980,-205,-22,0,0,1000,-1,-1,-1,1,-1,-1,-1,1,-1,0x0000000000000000,7.6
2020-07-25,22:57:13.830,0,0.0,0.00,0.0,0,0,0,0,0,2,-1024,0,980,-205,-22,0,0,1000,-1,-1,-1,1,-1,-1,-1,1,-1,0x0000000000000000,7.6
2020-07-25,22:57:13.930,0,0.0,0.00,0.0,0,0,0,0,-1,1,-1024,0,980,-205,-22,0,0,1000,-1,-1,-1,1,-1,-1,-1,1,-1,0x0000000000000000,7.6
2020-07-25,22:57:14.030,0,0.0,0.00,0.0,0,0,0,0,-1,2,-1024,0,980,-205,-22,0,0,1000,-1,-1,-1,1,-1,-1,-1,1,-1,0x0000000000000000,7.6
2020-07-25,22:57:14.130,0,0.0,0.00,0.0,0,0,0,0,-1,1,-1024,0,980,-205,-22,0,0,1000,-1,-1,-1,1,-1,-1,-1,1,-1,0x0000000000000000,7.6
2020-07-25,22:57:14.230,0,0.0,0.00,0.0,0,0,0,0,0,1,-1024,0,980,-205,-22,0,0,1000,-1,-1,-1,1,-1,-1,-1,1,-1,0x0000000000000000,7.6
2020-07-25,22:57:14.330,0,0.0,0.00,0.0,0,0,0,0,0,1,-1024,0,980,-205,-22,0,0,1000,-1,-1,-1,1,-1,-1,-1,1,-1,0x0000000000000000,7.6
2020-07-25,22:57:14.430,0,0.0,0.00,0.0,0,0,0,0,-1,1,-1024,0,980,-205,-22,0,0,1000,-1,-1,-1,1,-1,-1,-1,1,-1,0x0000000000000000,7.6
2020-07-25,22:57:14.530,0,0.0,0.00,0.0,0,0,0,0,-1,1,-1024,0,980,-205,-22,0,0,1000,-1,-1,-1,1,-1,-1,-1,1,-1,0x0000000000000000,7.6
2020-07-25,22:57:14.630,0,0.0,0.00,0.0,0,0,0,0,0,2,-1024,0,980,-205,-22,0,0,1000,-1,-1,-1,1,-1,-1,-1,1,-1,0x0000000000000000,7.6
2020-07-25,22:57:14.730,0,0.0,0.00,0.0,0,0,0,0,0,2,-1024,0,980,-205,-22,0,0,1000,-1,-1,-1,1,-1,-1,-1,1,-1,0x0000000000000000,7.6
2020-07-25,22:57:14.830,0,0.0,0.00,0.0,0,0,0,0,0,2,-1024,0,980,-205,-22,0,0,1000,-1,-1,-1,1,-1,-1,-1,1,-1,0x0000000000000000,7.6
2020-07-25,22:57:14.930,0,0.0,0.00,0.0,0,0,0,0,0,1,-1024,0,980,-205,-22,0,0,1000,-1,-1,-1,1,-1,-1,-1,1,-1,0x0000000000000000,7.6
2020-07-25,22:57:15.030,0,0.0,0.00,0.0,0,0,0,0,0,1,-1024,0,980,-205,-22,0,0,1000,-1,-1,-1,1,-1,-1,-1,1,-1,0x0000000000000000,7.6
2020-07-25,22:57:15.130,0,0.0,0.00,0.0,0,0,0,0,0,1,-1024,0,980,-205,-22,0,0,1000,-1,-1,-1,1,-1,-1,-1,1,-1,0x0000000000000000,7.6
2020-07-25,22:57:15.230,0,0.0,0.00,0.0,0,0,0,0,-1,2,-1024,0,980,-205,-22,0,0,1000,-1,-1,-1,1,-1,-1,-1,1,-1,0x0000000000000000,7.6
2020-07-25,22:57:15.330,0,0.0,0.00,0.0,0,0,0,0,0,1,-1024,0,980,-205,-22,0,0,1000,-1,-1,-1,1,-1,-1,-1,1,-1,0x0000000000000000,7.6
2020-07-25,22:57:15.430,0,0.0,0.00,0.0,0,0,0,0,0,1,-1024,0,980,-205,-22,0,0,1000,-1,-1,-1,1,-1,-1,-1,1,-1,0x0000000000000000,7.6
2020-07-25,22:57:15.530,0,0.0,0.00,0.0,0,0,0,0,-1,1,-1024,0,980,-205,-22,0,0,1000,-1,-1,-1,1,-1,-1,-1,1,-1,0x0000000000000000,7.6
2020-07-25,22:57:15.630,0,0.0,0.00,0.0,0,0,0,0,-1,2,-1024,0,980,-205,-22,0,0,1000,-1,-1,-1,1,-1,-1,-1,1,-1,0x0000000000000000,7.6
2020-07-25,22:57:15.730,0,0.0,0.00,0.0,0,0,0,0,-1,2,-1024,0,980,-205,-22,0,0,1000,-1,-1,-1,1,-1,-1,-1,1,-1,0x0000000000000000,7.6
2020-07-25,22:57:15.830,0,0.0,0.00,0.0,0,0,0,0,0,2,-1024,0,980,-205,-22,0,0,1000,-1,-1,-1,1,-1,-1,-1,1,-1,0x0000000000000000,7.6
2020-07-25,22:57:15.930,0,0.0,0.00,0.0,0,0,0,0,-1,1,-1024,0,980,-205,-22,0,0,1000,-1,-1,-1,1,-1,-1,-1,1,-1,0x0000000000000000,7.6
2020-07-25,22:57:16.030,0,0.0,0.00,0.0,0,0,0,0,0,1,-1024,0,980,-205,-22,0,0,1000,-1,-1,-1,1,-1,-1,-1,1,-1,0x0000000000000000,7.6
2020-07-25,22:57:16.130,0,0.0,0.00,0.0,0,0,0,0,0,1,-1024,0,980,-205,-22,0,0,1000,-1,-1,-1,1,-1,-1,-1,1,-1,0x0000000000000000,7.6
2020-07-25,22:57:16.230,0,0.0,0.00,0.0,0,0,0,0,-1,1,-1024,0,980,-205,-22,0,0,1000,-1,-1,-1,1,-1,-1,-1,1,-1,0x0000000000000000,7.6
2020-07-25,22:57:16.330,0,0.0,0.00,0.0,0,0,0,0,0,2,-1024,0,980,-205,-22,0,0,1000,-1,-1,-1,1,-1,-1,-1,1,-1,0x0000000000000000,7.6
2020-07-25,22:57:16.430,0,0.0,0.00,0.0,0,0,0,0,0,2,-1024,0,980,-205,-22,0,0,1000,-1,-1,-1,1,-1,-1,-1,1,-1,0x0000000000000000,7.6
2020-07-25,22:57:16.530,0,0.0,0.00,0.0,0,0,0,0,-1,2,-1024,0,980,-205,-22,0,0,1000,-1,-1,-1,1,-1,-1,-1,1,-1,0x0000000000000000,7.6
2020-07-25,22:57:16.630,0,0.0,0.00,0.0,0,0,0,0,0,1,-1024,0,980,-205,-22,0,0,1000,-1,-1,-1,1,-1,-1,-1,1,-1,0x0000000000000000,7.6
2020-07-25,22:57:16.730,0,0.0,0.00,0.0,0,0,0,0,0,1,-1024,0,980,-205,-22,0,0,1000,-1,-1,-1,1,-1,-1,-1,1,-1,0x0000000000000000,7.6
2020-07-25,22:57:16.830,0,0.0,0.00,0.0,0,0,0,0,0,1,-1024,0,980,-205,-22,0,0,1000,-1,-1,-1,1,-1,-1,-1,1,-1,0x0000000000000000,7.6
2020-07-25,22:57:16.930,0,0.0,0.00,0.0,0,0,0,0,0,1,-1024,0,980,-205,-22,0,0,1000,-1,-1,-1,1,-1,-1,-1,1,-1,0x0000000000000000,7.6
2020-07-25,22:57:17.030,0,0.0,0.00,0.0,0,0,0,0,0,1,-1024,0,980,-205,-22,0,0,1000,-1,-1,-1,1,-1,-1,-1,1,-1,0x0000000000000000,7.6
2020-07-25,22:57:17.130,0,0.0,0.00,0.0,0,0,0,0,0,1,-1024,0,980,-205,-22,0,0,1000,-1,-1,-1,1,-1,-1,-1,1,-1,0x0000000000000000,7.6
2020-07-25,22:57:17.230,0,0.0,0.00,0.0,0,0,0,0,0,1,-1024,0,980,-205,-22,0,0,1000,-1,-1,-1,1,-1,-1,-1,1,-1,0x0000000000000000,7.6
2020-07-25,22:57:17.330,0,0.0,0.00,0.0,0,0,0,0,-1,1,-1024,0,980,-205,-22,0,0,1000,-1,-1,-1,1,-1,-1,-1,1,-1,0x0000000000000000,7.6
2020-07-25,22:57:17.430,0,0.0,0.00,0.0,0,0,0,0,0,1,-1024,0,980,-205,-22,0,0,1000,-1,-1,-1,1,-1,-1,-1,1,-1,0x0000000000000000,7.6
2020-07-25,22:57:17.530,0,0.0,0.00,0.0,0,0,0,0,0,1,-1024,0,980,-205,-22,0,0,1000,-1,-1,-1,1,-1,-1,-1,1,-1,0x0000000000000000,7.6
2020-07-25,22:57:17.630,0,0.0,0.00,0.0,0,0,0,0,0,1,-1024,0,980,-205,-22,0,0,1000,-1,-1,-1,1,-1,-1,-1,1,-1,0x0000000000000000,7.6
2020-07-25,22:57:17.730,0,0.0,0.00,0.0,0,0,0,0,0,1,-1024,0,980,-205,-22,0,0,1000,-1,-1,-1,1,-1,-1,-1,1,-1,0x0000000000000000,7.6
2020-07-25,22:57:17.830,0,0.0,0.00,0.0,0,0,0,0,0,1,-1024,0,980,-205,-22,0,0,1000,-1,-1,-1,1,-1,-1,-1,1,-1,0x0000000000000000,7.6
2020-07-25,22:57:17.930,0,0.0,0.00,0.0,0,0,0,0,-1,1,-1024,0,980,-205,-22,0,0,1000,-1,-1,-1,1,-1,-1,-1,1,-1,0x0000000000000000,7.6
2020-07-25,22:57:18.030,0,0.0,0.00,0.0,0,0,0,0,-1,1,-1024,0,980,-205,-22,0,0,1000,-1,-1,-1,1,-1,-1,-1,1,-1,0x0000000000000000,7.6
2020-07-25,22:57:18.130,0,0.0,0.00,0.0,0,0,0,0,0,1,-1024,0,980,-205,-22,0,0,1000,-1,-1,-1,1,-1,-1,-1,1,-1,0x0000000000000000,7.6
2020-07-25,22:57:18.230,0,0.0,0.00,0.0,0,0,0,0,-1,1,-1024,0,980,-205,-22,0,0,1000,-1,-1,-1,1,-1,-1,-1,1,-1,0x0000000000000000,7.6
2020-07-25,22:57:18.330,0,0.0,0.00,0.0,0,0,0,0,0,2,-1024,0,980,-205,-22,0,0,1000,-1,-1,-1,1,-1,-1,-1,1,-1,0x0000000000000000,7.6
2020-07-25,22:57:18.430,0,0.0,0.00,0.0,0,0,0,0,0,1,-1024,0,980,-205,-22,0,0,1000,-1,-1,-1,1,-1,-1,-1,1,-1,0x0000000000000000,7.6
2020-07-25,22:57:18.530,0,0.0,0.00,0.0,0,0,0,0,-1,1,-1024,0,980,-205,-22,0,0,1000,-1,-1,-1,1,-1,-1,-1,1,-1,0x0000000000000000,7.6
2020-07-25,22:57:18.630,0,0.0,0.00,0.0,0,0,0,0,0,2,-1024,0,980,-205,-22,0,0,1000,-1,-1,-1,1,-1,-1,-1,1,-1,0x0000000000000000,7.6
2020-07-25,22:57:18.730,0,0.0,0.00,0.0,0,0,0,0,0,1,-1024,0,980,-205,-22,0,0,1000,-1,-1,-1,1,-1,-1,-1,1,-1,0x0000000000000000,7.6
2020-07-25,22:57:18.830,0,0.0,0.00,0.0,0,0,0,0,-1,1,-1024,0,980,-205,-22,0,0,1000,-1,-1,-1,1,-1,-1,-1,1,-1,0x0000000000000000,7.6
2020-07-25,22:57:18.930,0,0.0,0.00,0.0,0,0,0,0,0,1,-1024,0,980,-205,-22,0,0,1000,-1,-1,-1,1,-1,-1,-1,1,-1,0x0000000000000000,7.6
2020-07-25,22:57:19.030,0,0.0,0.00,0.0,0,0,0,0,0,1,-1024,0,980,-205,-22,0,0,1000,-1,-1,-1,1,-1,-1,-1,1,-1,0x0000000000000000,7.6
2020-07-25,22:57:19.130,0,0.0,0.00,0.0,0,0,0,0,0,1,-1024,0,980,-205,-22,0,0,1000,-1,-1,-1,1,-1,-1,-1,1,-1,0x0000000000000000,7.6
2020-07-25,22:57:19.230,0,0.0,0.00,0.0,0,0,0,0,0,1,-1024,0,980,-205,-22,0,0,1000,-1,-1,-1,1,-1,-1,-1,1,-1,0x0000000000000000,7.6
2020-07-25,22:57:19.330,0,0.0,0.00,0.0,0,0,0,0,-1,1,-1024,0,980,-205,-22,0,0,1000,-1,-1,-1,1,-1,-1,-1,1,-1,0x0000000000000000,7.6
2020-07-25,22:57:19.430,0,0.0,0.00,0.0,0,0,0,0,-1,1,-1024,0,980,-205,-22,0,0,1000,-1,-1,-1,1,-1,-1,-1,1,-1,0x0000000000000000,7.6
2020-07-25,22:57:19.530,0,0.0,0.00,0.0,0,0,0,0,0,1,-1024,0,980,-205,-22,0,0,1000,-1,-1,-1,1,-1,-1,-1,1,-1,0x0000000000000000,7.6
2020-07-25,22:57:19.630,0,0.0,0.00,0.0,0,0,0,0,-1,2,-1024,0,980,-205,-22,0,0,1000,-1,-1,-1,1,-1,-1,-1,1,-1,0x0000000000000000,7.6
2020-07-25,22:57:19.730,0,0.0,0.00,0.0,0,0,0,0,-1,1,-1024,0,980,-205,-22,0,0,1000,-1,-1,-1,1,-1,-1,-1,1,-1,0x0000000000000000,7.6
2020-07-25,22:57:19.830,0,0.0,0.00,0.0,0,0,0,0,0,1,-1024,0,980,-205,-22,0,0,1000,-1,-1,-1,1,-1,-1,-1,1,-1,0x0000000000000000,7.6
2020-07-25,22:57:19.930,0,0.0,0.00,0.0,0,0,0,0,0,1,-1024,0,980,-205,-22,0,0,1000,-1,-1,-1,1,-1,-1,-1,1,-1,0x0000000000000000,7.6
2020-07-25,22:57:20.030,0,0.0,0.00,0.0,0,0,0,0,-1,1,-1024,0,980,-205,-22,0,0,1000,-1,-1,-1,1,-1,-1,-1,1,-1,0x0000000000000000,7.6
2020-07-25,22:57:20.130,0,0.0,0.00,0.0,0,0,0,0,-1,2,-1024,0,980,-205,-22,0,0,1000,-1,-1,-1,1,-1,-1,-1,1,-1,0x0000000000000000,7.6
2020-07-25,22:57:20.230,0,0.0,0.00,0.0,0,0,0,0,0,1,-1024,0,980,-205,-22,0,0,1000,-1,-1,-1,1,-1,-1,-1,1,-1,0x0000000000000000,7.6
2020-07-25,22:57:20.330,0,0.0,0.00,0.0,0,0,0,0,0,1,-1024,0,980,-205,-22,0,0,1000,-1,-1,-1,1,-1,-1,-1,1,-1,0x0000000000000000,7.6
2020-07-25,22:57:20.430,0,0.0,0.00,0.0,0,0,0,0,0,1,-1024,0,980,-205,-22,0,0,1000,-1,-1,-1,1,-1,-1,-1,1,-1,0x0000000000000000,7.6
2020-07-25,22:57:20.530,0,0.0,0.00,0.0,0,0,0,0,-1,1,-1024,0,980,-205,-22,0,0,1000,-1,-1,-1,1,-1,-1,-1,1,-1,0x0000000000000000,7.6
2020-07-25,22:57:20.630,0,0.0,0.00,0.0,0,0,0,0,0,1,-1024,0,980,-205,-22,0,0,1000,-1,-1,-1,1,-1,-1,-1,1,-1,0x0000000000000000,7.6
2020-07-25,22:57:20.730,0,0.0,0.00,0.0,0,0,0,0,0,1,-1024,0,980,-205,-22,0,0,1000,-1,-1,-1,1,-1,-1,-1,1,-1,0x0000000000000000,7.6
2020-07-25,22:57:20.830,0,0.0,0.00,0.0,0,0,0,0,-1,2,-1024,0,980,-205,-22,0,0,1000,-1,-1,-1,1,-1,-1,-1,1,-1,0x0000000000000000,7.6
2020-07-25,22:57:20.930,0,0.0,0.00,0.0,0,0,0,0,0,2,-1024,0,980,-205,-22,0,0,1000,-1,-1,-1,1,-1,-1,-1,1,-1,0x0000000000000000,7.6
2020-07-25,22:57:21.030,0,0.0,0.00,0.0,0,0,0,0,0,2,-1024,0,980,-205,-22,0,0,1000,-1,-1,-1,1,-1,-1,-1,1,-1,0x0000000000000000,7.6
2020-07-25,22:57:21.130,0,0.0,0.00,0.0,0,0,0,0,0,1,-1024,0,980,-205,-22,0,0,1000,-1,-1,-1,1,-1,-1,-1,1,-1,0x0000000000000000,7.6
2020-07-25,22:57:21.230,0,0.0,0.00,0.0,0,0,0,0,-1,1,-1024,0,980,-205,-22,0,0,1000,-1,-1,-1,1,-1,-1,-1,1,-1,0x0000000000000000,7.6
2020-07-25,22:57:21.330,0,0.0,0.00,0.0,0,0,0,0,0,1,-1024,0,980,-205,-22,0,0,1000,-1,-1,-1,1,-1,-1,-1,1,-1,0x0000000000000000,7.6
2020-07-25,22:57:21.430,0,0.0,0.00,0.0,0,0,0,0,-1,1,-1024,1,980,-205,-22,0,0,1000,-1,-1,-1,1,-1,-1,-1,1,-1,0x0000000000000000,7.6
2020-07-25,22:57:21.530,0,0.0,0.00,0.0,0,0,0,0,-1,1,-1024,0,980,-205,-22,0,0,1000,-1,-1,-1,1,-1,-1,-1,1,-1,0x0000000000000000,7.6
2020-07-25,22:57:21.630,0,0.0,0.00,0.0,0,0,0,0,-1,1,-1024,0,980,-205,-22,0,0,1000,-1,-1,-1,1,-1,-1,-1,1,-1,0x0000000000000000,7.6
2020-07-25,22:57:21.730,0,0.0,0.00,0.0,0,0,0,0,0,2,-1024,0,980,-205,-22,0,0,1000,-1,-1,-1,1,-1,-1,-1,1,-1,0x0000000000000000,7.6
2020-07-25,22:57:21.830,0,0.0,0.00,0.0,0,0,0,0,-1,1,-1024,0,980,-205,-22,0,0,1000,-1,-1,-1,1,-1,-1,-1,1,-1,0x0000000000000000,7.6
2020-07-25,22:57:21.930,0,0.0,0.00,0.0,0,0,0,0,-1,1,-1024,0,980,-205,-22,0,0,1000,-1,-1,-1,1,-1,-1,-1,1,-1,0x0000000000000000,7.6
2020-07-25,22:57:22.030,0,0.0,0.00,0.0,0,0,0,0,-1,1,-1024,0,980,-205,-22,0,0,1000,-1,-1,-1,1,-1,-1,-1,1,-1,0x0000000000000000,7.6
2020-07-25,22:57:22.130,0,0.0,0.00,0.0,0,0,0,0,-1,1,-1024,0,980,-205,-22,0,0,1000,-1,-1,-1,1,-1,-1,-1,1,-1,0x0000000000000000,7.6
2020-07-25,22:57:22.230,0,0.0,0.00,0.0,0,0,0,0,0,1,-1024,0,980,-205,-22,0,0,1000,-1,-1,-1,1,-1,-1,-1,1,-1,0x0000000000000000,7.6
2020-07-25,22:57:22.330,0,0.0,0.00,0.0,0,0,0,0,-1,2,-1024,0,980,-205,-22,0,0,1000,-1,-1,-1,1,-1,-1,-1,1,-1,0x0000000000000000,7.6
2020-07-25,22:57:22.430,0,0.0,0.00,0.0,0,0,0,0,0,1,-1024,0,980,-205,-22,0,0,1000,-1,-1,-1,1,-1,-1,-1,1,-1,0x0000000000000000,7.6
2020-07-25,22:57:22.530,0,0.0,0.00,0.0,0,0,0,0,-1,1,-1024,0,980,-205,-22,0,0,1000,-1,-1,-1,1,-1,-1,-1,1,-1,0x0000000000000000,7.6
2020-07-25,22:57:22.630,0,0.0,0.00,0.0,0,0,0,0,0,1,-1024,0,980,-205,-22,0,0,1000,-1,-1,-1,1,-1,-1,-1,1,-1,0x0000000000000000,7.6
2020-07-25,22:57:22.730,0,0.0,0.00,0.0,0,0,0,0,-1,1,-1024,0,980,-205,-22,0,0,1000,-1,-1,-1,1,-1,-1,-1,1,-1,0x0000000000000000,7.6
2020-07-25,22:57:22.830,0,0.0,0.00,0.0,0,0,0,0,0,1,-1024,0,980,-205,-22,0,0,1000,-1,-1,-1,1,-1,-1,-1,1,-1,0x0000000000000000,7.6
2020-07-25,22:57:22.930,0,0.0,0.00,0.0,0,0,0,0,0,1,-1024,0,980,-205,-22,0,0,1000,-1,-1,-1,1,-1,-1,-1,1,-1,0x0000000000000000,7.6
2020-07-25,22:57:23.030,0,0.0,0.00,0.0,0,0,0,0,0,1,-1024,0,980,-205,-22,0,0,1000,-1,-1,-1,1,-1,-1,-1,1,-1,0x0000000000000000,7.6
2020-07-25,22:57:23.130,0,0.0,0.00,0.0,0,0,0,0,-1,1,-1024,0,980,-205,-22,0,0,1000,-1,-1,-1,1,-1,-1,-1,1,-1,0x0000000000000000,7.6
2020-07-25,22:57:23.230,0,0.0,0.00,0.0,0,0,0,0,-1,1,-1024,0,980,-205,-22,0,0,1000,-1,-1,-1,1,-1,-1,-1,1,-1,0x0000000000000000,7.6
2020-07-25,22:57:23.330,0,0.0,0.00,0.0,0,0,0,0,0,1,-1024,0,980,-205,-22,0,0,1000,-1,-1,-1,1,-1,-1,-1,1,-1,0x0000000000000000,7.6
2020-07-25,22:57:23.430,0,0.0,0.00,0.0,0,0,0,0,0,1,-1024,0,980,-205,-22,0,0,1000,-1,-1,-1,1,-1,-1,-1,1,-1,0x0000000000000000,7.6
2020-07-25,22:57:23.530,0,0.0,0.00,0.0,0,0,0,0,0,1,-1024,0,980,-205,-22,0,0,1000,-1,-1,-1,1,-1,-1,-1,1,-1,0x0000000000000000,7.6
2020-07-25,22:57:23.630,0,0.0,0.00,0.0,0,0,0,0,-1,1,-1024,0,980,-205,-22,0,0,1000,-1,-1,-1,1,-1,-1,-1,1,-1,0x0000000000000000,7.6
2020-07-25,22:57:23.730,0,0.0,0.00,0.0,0,0,0,0,-1,1,-1024,0,980,-205,-22,0,0,1000,-1,-1,-1,1,-1,-1,-1,1,-1,0x0000000000000000,7.6
2020-07-25,22:57:23.830,0,0.0,0.00,0.0,0,0,0,0,-1,1,-1024,0,980,-205,-22,0,0,1000,-1,-1,-1,1,-1,-1,-1,1,-1,0x0000000000000000,7.6
2020-07-25,22:57:23.930,0,0.0,0.00,0.0,0,0,0,0,0,1,-1024,0,980,-205,-22,0,0,1000,-1,-1,-1,1,-1,-1,-1,1,-1,0x0000000000000000,7.6
2020-07-25,22:57:24.030,0,0.0,0.00,0.0,0,0,0,0,0,1,-1024,0,980,-205,-22,0,0,1000,-1,-1,-1,1,-1,-1,-1,1,-1,0x0000000000000000,7.6
2020-07-25,22:57:24.130,0,0.0,0.00,0.0,0,0,0,0,-1,1,-1024,0,980,-205,-22,0,0,1000,-1,-1,-1,1,-1,-1,-1,1,-1,0x0000000000000000,7.6
2020-07-25,22:57:24.230,0,0.0,0.00,0.0,0,0,0,0,-1,1,-1024,0,980,-205,-22,0,0,1000,-1,-1,-1,1,-1,-1,-1,1,-1,0x0000000000000000,7.6
2020-07-25,22:57:24.330,0,0.0,0.00,0.0,0,0,0,0,0,1,-1024,0,980,-205,-22,0,0,1000,-1,-1,-1,1,-1,-1,-1,1,-1,0x0000000000000000,7.6
2020-07-25,22:57:24.430,0,0.0,0.00,0.0,0,0,0,0,-1,1,-1024,0,980,-205,-22,0,0,1000,-1,-1,-1,1,-1,-1,-1,1,-1,0x0000000000000000,7.6
2020-07-25,22:57:24.530,0,0.0,0.00,0.0,0,0,0,0,-1,1,-1024,0,980,-205,-22,0,0,1000,-1,-1,-1,1,-1,-1,-1,1,-1,0x0000000000000000,7.6
2020-07-25,22:57:24.630,0,0.0,0.00,0.0,0,0,0,0,0,1,-1024,0,980,-205,-22,0,0,1000,-1,-1,-1,1,-1,-1,-1,1,-1,0x0000000000000000,7.6
2020-07-25,22:57:24.730,0,0.0,0.00,0.0,0,0,0,0,0,1,-1024,0,980,-205,-22,0,0,1000,-1,-1,-1,1,-1,-1,-1,1,-1,0x0000000000000000,7.6
2020-07-25,22:57:24.830,0,0.0,0.00,0.0,0,0,0,0,-1,1,-1024,0,980,-205,-22,0,0,1000,-1,-1,-1,1,-1,-1,-1,1,-1,0x0000000000000000,7.6
2020-07-25,22:57:24.930,0,0.0,0.00,0.0,0,0,0,0,-1,1,-1024,0,980,-205,-22,0,0,1000,-1,-1,-1,1,-1,-1,-1,1,-1,0x0000000000000000,7.6
2020-07-25,22:57:25.030,0,0.0,0.00,0.0,0,0,0,0,-1,1,-1024,0,980,-205,-22,0,0,1000,-1,-1,-1,1,-1,-1,-1,1,-1,0x0000000000000000,7.6
2020-07-25,22:57:25.130,0,0.0,0.00,0.0,0,0,0,0,-1,2,-1024,0,980,-205,-22,0,0,1000,-1,-1,-1,1,-1,-1,-1,1,-1,0x0000000000000000,7.6
2020-07-25,22:57:25.230,0,0.0,0.00,0.0,0,0,0,0,-1,1,-1024,0,980,-205,-22,0,0,1000,-1,-1,-1,1,-1,-1,-1,1,-1,0x0000000000000000,7.6
2020-07-25,22:57:25.330,0,0.0,0.00,0.0,0,0,0,0,-1,1,-1024,0,980,-205,-22,0,0,1000,-1,-1,-1,1,-1,-1,-1,1,-1,0x0000000000000000,7.6
2020-07-25,22:57:25.430,0,0.0,0.00,0.0,0,0,0,0,-1,1,-1024,0,980,-205,-22,0,0,1000,-1,-1,-1,1,-1,-1,-1,1,-1,0x0000000000000000,7.6
2020-07-25,22:57:25.530,0,0.0,0.00,0.0,0,0,0,0,0,2,-1024,0,980,-205,-22,0,0,1000,-1,-1,-1,1,-1,-1,-1,1,-1,0x0000000000000000,7.6
2020-07-25,22:57:25.630,0,0.0,0.00,0.0,0,0,0,0,0,1,-1024,0,980,-205,-22,0,0,1000,-1,-1,-1,1,-1,-1,-1,1,-1,0x0000000000000000,7.6
2020-07-25,22:57:25.730,0,0.0,0.00,0.0,0,0,0,0,-1,1,-1024,0,980,-205,-22,0,0,1000,-1,-1,-1,1,-1,-1,-1,1,-1,0x0000000000000000,7.6
2020-07-25,22:57:25.830,0,0.0,0.00,0.0,0,0,0,0,-1,1,-1024,0,980,-205,-22,0,0,1000,-1,-1,-1,1,-1,-1,-1,1,-1,0x0000000000000000,7.6
2020-07-25,22:57:25.930,0,0.0,0.00,0.0,0,0,0,0,-1,1,-1024,0,980,-205,-22,0,0,1000,-1,-1,-1,1,-1,-1,-1,1,-1,0x0000000000000000,7.6
2020-07-25,22:57:26.030,0,0.0,0.00,0.0,0,0,0,0,-1,1,-1024,0,980,-205,-22,0,0,1000,-1,-1,-1,1,-1,-1,-1,1,-1,0x0000000000000000,7.6
2020-07-25,22:57:26.130,0,0.0,0.00,0.0,0,0,0,0,-1,1,-1024,0,980,-205,-22,0,0,1000,-1,-1,-1,1,-1,-1,-1,1,-1,0x0000000000000000,7.6
2020-07-25,22:57:26.230,0,0.0,0.00,0.0,0,0,0,0,-1,1,-1024,0,980,-205,-22,0,0,1000,-1,-1,-1,1,-1,-1,-1,1,-1,0x0000000000000000,7.6
2020-07-25,22:57:26.330,0,0.0,0.00,0.0,0,0,0,0,-1,1,-1024,0,980,-205,-22,0,0,1000,-1,-1,-1,1,-1,-1,-1,1,-1,0x0000000000000000,7.6
2020-07-25,22:57:26.430,0,0.0,0.00,0.0,0,0,0,0,-1,1,-1024,0,980,-205,-22,0,0,1000,-1,-1,-1,1,-1,-1,-1,1,-1,0x0000000000000000,7.6
2020-07-25,22:57:26.530,0,0.0,0.00,0.0,0,0,0,0,0,1,-1024,0,980,-205,-22,0,0,1000,-1,-1,-1,1,-1,-1,-1,1,-1,0x0000000000000000,7.6
2020-07-25,22:57:26.630,0,0.0,0.00,0.0,0,0,0,0,-1,1,-1024,0,980,-205,-22,0,0,1000,-1,-1,-1,1,-1,-1,-1,1,-1,0x0000000000000000,7.6
2020-07-25,22:57:26.730,0,0.0,0.00,0.0,0,0,0,0,-1,1,-1024,0,980,-205,-22,0,0,1000,-1,-1,-1,1,-1,-1,-1,1,-1,0x0000000000000000,7.6
2020-07-25,22:57:26.830,0,0.0,0.00,0.0,0,0,0,0,-1,1,-1024,0,980,-205,-22,0,0,1000,-1,-1,-1,1,-1,-1,-1,1,-1,0x0000000000000000,7.6
2020-07-25,22:57:26.930,0,0.0,0.00,0.0,0,0,0,0,-1,2,-1024,0,980,-205,-22,0,0,1000,-1,-1,-1,1,-1,-1,-1,1,-1,0x0000000000000000,7.6
2020-07-25,22:57:27.030,0,0.0,0.00,0.0,0,0,0,0,-1,1,-1024,0,980,-205,-22,0,0,1000,-1,-1,-1,1,-1,-1,-1,1,-1,0x0000000000000000,7.6
2020-07-25,22:57:27.130,0,0.0,0.00,0.0,0,0,0,0,-1,1,-1024,0,980,-205,-22,0,0,1000,-1,-1,-1,1,-1,-1,-1,1,-1,0x0000000000000000,7.6
2020-07-25,22:57:27.230,0,0.0,0.00,0.0,0,0,0,0,-1,1,-1024,0,980,-205,-22,0,0,1000,-1,-1,-1,1,-1,-1,-1,1,-1,0x0000000000000000,7.6
2020-07-25,22:57:27.330,0,0.0,0.00,0.0,0,0,0,0,0,1,-1024,0,980,-205,-22,0,0,1000,-1,-1,-1,1,-1,-1,-1,1,-1,0x0000000000000000,7.6
2020-07-25,22:57:27.430,0,0.0,0.00,0.0,0,0,0,0,-1,1,-1024,0,980,-205,-22,0,0,1000,-1,-1,-1,1,-1,-1,-1,1,-1,0x0000000000000000,7.6
2020-07-25,22:57:27.530,0,0.0,0.00,0.0,0,0,0,0,-1,1,-1024,0,980,-205,-22,0,0,1000,-1,-1,-1,1,-1,-1,-1,1,-1,0x0000000000000000,7.6
2020-07-25,22:57:27.630,0,0.0,0.00,0.0,0,0,0,0,-1,1,-1024,0,980,-205,-22,0,0,1000,-1,-1,-1,1,-1,-1,-1,1,-1,0x0000000000000000,7.6
2020-07-25,22:57:27.730,0,0.0,0.00,0.0,0,0,0,0,-1,1,-1024,0,980,-205,-22,0,0,1000,-1,-1,-1,1,-1,-1,-1,1,-1,0x0000000000000000,7.6
2020-07-25,22:57:27.830,0,0.0,0.00,0.0,0,0,0,0,-1,1,-1024,0,980,-205,-22,0,0,1000,-1,-1,-1,1,-1,-1,-1,1,-1,0x0000000000000000,7.6
2020-07-25,22:57:27.930,0,0.0,0.00,0.0,0,0,0,0,-1,1,-1024,0,980,-205,-22,0,0,1000,-1,-1,-1,1,-1,-1,-1,1,-1,0x0000000000000000,7.6
2020-07-25,22:57:28.030,0,0.0,0.00,0.0,0,0,0,0,0,1,-1024,0,980,-205,-22,0,0,1000,-1,-1,-1,1,-1,-1,-1,1,-1,0x0000000000000000,7.6
2020-07-25,22:57:28.130,0,0.0,0.00,0.0,0,0,0,0,-1,1,-1024,0,980,-205,-22,0,0,1000,-1,-1,-1,1,-1,-1,-1,1,-1,0x0000000000000000,7.6
2020-07-25,22:57:28.230,0,0.0,0.00,0.0,0,0,0,0,-1,1,-1024,0,980,-205,-22,0,0,1000,-1,-1,-1,1,-1,-1,-1,1,-1,0x0000000000000000,7.6
2020-07-25,22:57:28.330,0,0.0,0.00,0.0,0,0,0,0,-1,1,-1024,0,980,-205,-22,0,0,1000,-1,-1,-1,1,-1,-1,-1,1,-1,0x0000000000000000,7.6
2020-07-25,22:57:28.430,0,0.0,0.00,0.0,0,0,0,0,-1,1,-1024,0,980,-205,-22,0,0,1000,-1,-1,-1,1,-1,-1,-1,1,-1,0x0000000000000000,7.6
2020-07-25,22:57:28.530,0,0.0,0.00,0.0,0,0,0,0,-1,1,-1024,0,980,-205,-22,0,0,1000,-1,-1,-1,1,-1,-1,-1,1,-1,0x0000000000000000,7.6
2020-07-25,22:57:28.630,0,0.0,0.00,0.0,0,0,0,0,-1,1,-1024,0,980,-205,-22,0,0,1000,-1,-1,-1,1,-1,-1,-1,1,-1,0x0000000000000000,7.6
2020-07-25,22:57:28.730,0,0.0,0.00,0.0,0,0,0,0,-1,1,-1024,0,980,-205,-22,0,0,1000,-1,-1,-1,1,-1,-1,-1,1,-1,0x0000000000000000,7.6
2020-07-25,22:57:28.850,0,0.0,0.00,0.0,0,0,0,0,-1,1,-1024,0,980,-205,-22,0,0,1000,-1,-1,-1,1,-1,-1,-1,1,-1,0x0000000000000000,7.6
2020-07-25,22:57:28.960,0,0.0,0.00,0.0,0,0,0,0,-1,1,-1024,0,980,-205,-22,0,0,1000,-1,-1,-1,1,-1,-1,-1,1,-1,0x0000000000000000,7.6
2020-07-25,22:57:29.080,0,0.0,0.00,0.0,0,0,0,0,-1,1,-1024,0,980,-205,-22,0,0,1000,-1,-1,-1,1,-1,-1,-1,1,-1,0x0000000000000000,7.6
2020-07-25,22:57:29.190,0,0.0,0.00,0.0,0,0,0,0,0,1,-1024,0,980,-205,-22,0,0,1000,-1,-1,-1,1,-1,-1,-1,1,-1,0x0000000000000000,7.6
2020-07-25,22:57:29.310,0,0.0,0.00,0.0,0,0,0,0,-1,1,-1024,0,980,-205,-22,0,0,1000,-1,-1,-1,1,-1,-1,-1,1,-1,0x0000000000000000,7.6
2020-07-25,22:57:29.420,0,0.0,0.00,0.0,0,0,0,0,-1,1,-1024,0,980,-205,-22,0,0,1000,-1,-1,-1,1,-1,-1,-1,1,-1,0x0000000000000000,7.6
2020-07-25,22:57:29.540,0,0.0,0.00,0.0,0,0,0,0,-1,1,-1024,0,980,-205,-22,0,0,1000,-1,-1,-1,1,-1,-1,-1,1,-1,0x0000000000000000,7.6
2020-07-25,22:57:29.650,0,0.0,0.00,0.0,0,0,0,0,-1,1,-1024,0,980,-205,-22,0,0,1000,-1,-1,-1,1,-1,-1,-1,1,-1,0x0000000000000000,7.6
2020-07-25,22:57:29.770,0,0.0,0.00,0.0,0,0,0,0,-1,1,-1024,0,980,-205,-22,0,0,1000,-1,-1,-1,1,-1,-1,-1,1,-1,0x0000000000000000,7.6
2020-07-25,22:57:29.880,0,0.0,0.00,0.0,0,0,0,0,0,1,-1024,0,980,-205,-22,0,0,1000,-1,-1,-1,1,-1,-1,-1,1,-1,0x0000000000000000,7.6
2020-07-25,22:57:30.000,0,0.0,0.00,0.0,0,0,0,0,-1,1,-1024,0,980,-205,-22,0,0,1000,-1,-1,-1,1,-1,-1,-1,1,-1,0x0000000000000000,7.6
2020-07-25,22:57:30.110,0,0.0,0.00,0.0,0,0,0,0,-1,1,-1024,0,980,-205,-22,0,0,1000,-1,-1,-1,1,-1,-1,-1,1,-1,0x0000000000000000,7.6
2020-07-25,22:57:30.230,0,0.0,0.00,0.0,0,0,0,0,-1,1,-1024,0,980,-205,-22,0,0,1000,-1,-1,-1,1,-1,-1,-1,1,-1,0x0000000000000000,7.6
2020-07-25,22:57:30.340,0,0.0,0.00,0.0,0,0,0,0,-1,1,-1024,0,980,-205,-22,0,0,1000,-1,-1,-1,1,-1,-1,-1,1,-1,0x0000000000000000,7.6
2020-07-25,22:57:30.460,0,0.0,0.00,0.0,0,0,0,0,-1,2,-1024,0,980,-205,-22,0,0,1000,-1,-1,-1,1,-1,-1,-1,1,-1,0x0000000000000000,7.6
