Date,Time,RSSI(dB),RxBt(V),RPM(rpm),Rud,Ele,Thr,Ail,S1,6P,S2,EX1,EX2,LS,RS,SA,SB,SC,SD,SE,SF,SG,SH,LSW,TxBat(V)
2020-02-02,11:00:26.120,95,8.1,0,-1,1,-1024,1,-196,614,3,0,0,244,970,-1,-1,-1,-1,-1,-1,1,1,0x0000000000000009,7.9
2020-02-02,11:00:27.860,95,8.1,0,-1,1,-1024,1,-196,614,3,0,0,244,971,-1,-1,-1,-1,-1,-1,1,1,0x0000000000000009,7.9
2020-02-02,11:00:28.360,94,8.1,0,-1,1,-1024,1,-196,614,3,0,0,244,970,-1,-1,-1,-1,-1,-1,1,1,0x0000000000000009,7.9
2020-02-02,11:00:28.860,94,8.1,0,-1,1,-1024,1,-196,614,3,0,0,244,970,-1,-1,-1,-1,-1,-1,1,1,0x0000000000000009,7.9
2020-02-02,11:00:29.360,93,8.1,0,-1,1,-1024,1,-197,614,3,0,0,244,970,-1,-1,-1,-1,-1,-1,1,1,0x0000000000000009,7.9
2020-02-02,11:00:29.860,93,8.1,0,-1,1,-1024,1,-196,614,3,0,0,244,970,-1,-1,-1,-1,-1,-1,1,1,0x0000000000000009,7.9
2020-02-02,11:00:30.360,93,8.1,0,-1,1,-1024,1,-196,614,3,0,0,244,971,-1,-1,-1,-1,-1,-1,1,1,0x0000000000000009,7.9
2020-02-02,11:00:30.860,94,8.1,0,-1,1,-1024,1,-196,614,3,0,0,244,971,-1,-1,-1,-1,-1,-1,1,1,0x0000000000000009,7.9
2020-02-02,11:00:31.360,95,8.1,0,-1,1,-1024,1,-196,614,3,0,0,244,970,-1,-1,-1,-1,-1,-1,1,1,0x0000000000000009,7.9
2020-02-02,11:00:31.860,95,8.1,0,-1,1,-1024,1,-196,614,3,0,0,244,970,-1,-1,-1,-1,-1,-1,1,1,0x0000000000000009,7.9
2020-02-02,11:00:32.360,85,8.1,0,-1,1,-1024,1,-197,614,3,0,0,244,970,-1,-1,-1,-1,-1,-1,1,1,0x0000000000000009,7.9
2020-02-02,11:00:33.760,95,8.1,0,-1,2,-1024,1,-196,614,3,0,0,244,970,-1,-1,-1,-1,-1,-1,1,1,0x0000000000000009,7.9
2020-02-02,11:00:34.260,94,8.1,0,-1,1,-1024,1,-196,614,3,0,0,244,971,-1,-1,-1,-1,-1,-1,1,1,0x0000000000000009,7.9
2020-02-02,11:00:34.760,94,8.1,0,-1,1,-1024,1,-196,614,3,0,0,244,971,-1,-1,-1,-1,-1,-1,1,1,0x0000000000000009,7.9
2020-02-02,11:00:35.560,94,8.1,0,-1,2,-1024,1,-196,614,3,0,0,244,971,-1,-1,-1,-1,-1,-1,1,1,0x0000000000000009,7.9
2020-02-02,11:00:36.060,93,8.1,0,-1,1,-1024,1,-196,614,3,0,0,244,970,-1,-1,-1,-1,-1,-1,1,1,0x0000000000000009,7.9
2020-02-02,11:00:36.560,94,8.1,0,-1,2,-1024,1,-196,614,3,0,0,244,970,-1,-1,-1,-1,-1,-1,1,1,0x0000000000000009,7.9
2020-02-02,11:00:37.060,94,8.1,0,-1,1,-1024,1,-196,614,3,0,0,246,971,-1,-1,-1,-1,-1,-1,1,1,0x0000000000000009,7.9
2020-02-02,11:00:37.560,94,8.1,0,-1,1,-1024,1,-196,614,3,0,0,244,971,-1,-1,-1,-1,-1,-1,1,1,0x0000000000000009,7.9
2020-02-02,11:00:38.060,95,8.1,0,-1,1,-1024,1,-196,614,3,0,0,244,971,-1,-1,-1,-1,-1,-1,1,1,0x0000000000000009,7.9
2020-02-02,11:00:38.560,96,8.1,0,-1,1,-1024,1,-196,614,3,0,0,244,971,-1,-1,-1,-1,-1,-1,1,1,0x0000000000000009,7.9
2020-02-02,11:00:39.060,94,8.1,0,-1,1,-1024,1,-196,614,3,0,0,244,971,-1,-1,-1,-1,-1,-1,1,1,0x0000000000000009,7.9
2020-02-02,11:00:39.560,94,8.1,0,-1,1,-1024,1,-197,614,3,0,0,246,971,-1,-1,-1,-1,-1,-1,1,1,0x0000000000000009,7.9
2020-02-02,11:00:40.060,93,8.1,0,-1,1,-1024,1,-196,614,3,0,0,246,971,-1,-1,-1,-1,-1,-1,1,1,0x0000000000000009,7.9
2020-02-02,11:00:40.560,92,8.1,0,-1,1,-1024,1,-196,614,3,0,0,244,971,-1,-1,-1,-1,-1,-1,1,1,0x0000000000000009,7.9
2020-02-02,11:00:41.060,93,8.1,0,-1,1,-1024,1,-196,614,3,0,0,244,971,-1,-1,-1,-1,-1,-1,1,1,0x0000000000000009,7.9
2020-02-02,11:00:41.560,93,8.1,0,-1,1,-1024,1,-196,614,3,0,0,244,970,-1,-1,-1,-1,-1,-1,1,1,0x0000000000000009,7.9
2020-02-02,11:00:42.060,94,8.1,0,0,1,-1024,1,-196,614,3,0,0,244,971,-1,-1,-1,-1,-1,-1,1,1,0x0000000000000009,7.9
2020-02-02,11:00:42.560,95,8.1,0,0,1,-1024,1,-196,614,3,0,0,244,971,-1,-1,-1,-1,-1,-1,1,1,0x0000000000000009,7.9
2020-02-02,11:00:43.060,94,8.1,0,0,1,-1024,1,-196,614,3,0,0,246,971,-1,-1,-1,-1,-1,-1,1,1,0x0000000000000009,7.9
2020-02-02,11:00:43.560,92,8.1,0,0,1,-1024,1,-196,614,3,0,0,244,971,-1,-1,-1,-1,-1,-1,1,1,0x0000000000000009,7.9
2020-02-02,11:00:44.060,95,8.1,0,-1,1,-1024,1,-197,614,3,0,0,244,971,-1,-1,-1,-1,-1,-1,1,1,0x0000000000000009,7.9
2020-02-02,11:00:44.560,94,8.1,0,-1,1,-1024,1,-196,614,3,0,0,244,971,-1,-1,-1,-1,-1,-1,1,1,0x0000000000000009,7.9
2020-02-02,11:00:45.060,94,8.1,0,-1,1,-1024,1,-196,614,3,0,0,244,970,-1,-1,-1,-1,-1,-1,1,1,0x0000000000000009,7.9
2020-02-02,11:00:45.560,92,8.1,0,-1,1,-1024,1,-196,614,3,0,0,244,970,-1,-1,-1,-1,-1,-1,1,1,0x0000000000000009,7.9
2020-02-02,11:00:46.060,92,8.1,0,-1,1,-1024,1,-196,614,3,0,0,244,971,-1,-1,-1,-1,-1,-1,1,1,0x0000000000000009,7.9
2020-02-02,11:00:46.560,93,8.1,0,0,1,-1024,1,-196,614,3,0,0,244,971,-1,-1,-1,-1,-1,-1,1,1,0x0000000000000009,7.9
2020-02-02,11:00:47.060,94,8.1,0,-1,1,-1024,1,-196,614,3,0,0,244,970,-1,-1,-1,-1,-1,-1,1,1,0x0000000000000009,7.9
2020-02-02,11:00:47.560,94,8.1,0,0,1,-1024,1,-196,614,3,0,0,244,970,-1,-1,-1,-1,-1,-1,1,1,0x0000000000000009,7.9
2020-02-02,11:00:48.060,95,8.1,0,-1,1,-1024,1,-196,614,3,0,0,244,970,-1,-1,-1,-1,-1,-1,1,1,0x0000000000000009,7.9
2020-02-02,11:00:48.560,94,8.1,0,0,1,-1024,1,-196,614,3,0,0,244,971,-1,-1,-1,-1,-1,-1,1,1,0x0000000000000009,7.9
2020-02-02,11:00:49.060,92,8.1,0,0,1,-1024,1,-197,614,3,0,0,244,971,-1,-1,-1,-1,-1,-1,1,1,0x0000000000000009,7.9
2020-02-02,11:00:49.560,94,8.1,0,-1,1,-1024,1,-196,614,3,0,0,244,970,-1,-1,-1,-1,-1,-1,1,1,0x0000000000000009,7.9
2020-02-02,11:00:50.060,94,8.1,0,0,1,-1024,1,-196,614,3,0,0,244,971,-1,-1,-1,-1,-1,-1,1,1,0x0000000000000009,7.9
2020-02-02,11:00:50.560,94,8.1,0,0,1,-1024,1,-197,614,3,0,0,246,970,-1,-1,-1,-1,-1,-1,1,1,0x0000000000000009,7.9
2020-02-02,11:00:51.060,94,8.1,0,-1,1,-1024,1,-197,614,3,0,0,244,970,-1,-1,-1,-1,-1,-1,1,1,0x0000000000000009,7.9
2020-02-02,11:00:51.560,91,8.1,0,-1,1,-1024,1,-197,614,3,0,0,244,971,-1,-1,-1,-1,-1,-1,1,1,0x0000000000000009,7.9
2020-02-02,11:00:52.060,92,8.1,0,0,1,-1024,1,-196,614,3,0,0,244,971,-1,-1,-1,-1,-1,-1,1,1,0x0000000000000009,7.9
2020-02-02,11:00:52.560,93,8.1,0,-1,2,-1024,1,-196,614,3,0,0,244,970,-1,-1,-1,-1,-1,-1,1,1,0x0000000000000009,7.9
2020-02-02,11:00:53.060,94,8.1,0,-1,2,-1024,1,-197,614,3,0,0,244,970,-1,-1,-1,-1,-1,-1,1,1,0x0000000000000009,7.9
2020-02-02,11:00:53.560,93,8.1,0,0,1,-1024,1,-196,614,3,0,0,244,970,-1,-1,-1,-1,-1,1,1,1,0x0000000000000009,7.9
2020-02-02,11:00:54.060,94,8.1,0,-1,1,-1024,1,-196,614,3,0,0,244,971,-1,-1,-1,-1,-1,-1,1,1,0x0000000000000009,7.9
2020-02-02,11:00:54.560,98,8.1,0,-1,1,-1024,1,-197,614,2,0,0,244,971,-1,-1,-1,-1,-1,-1,1,1,0x0000000000000009,7.9
2020-02-02,11:00:55.070,93,8.1,0,0,1,-1024,1,-197,614,3,0,0,244,970,-1,-1,-1,-1,-1,1,1,1,0x0000000000000009,7.9
2020-02-02,11:00:55.570,93,8.1,0,-1,1,-1024,1,-196,614,3,0,0,244,971,-1,-1,-1,-1,-1,-1,1,1,0x0000000000000009,7.9
2020-02-02,11:00:56.070,92,8.1,0,-1,1,-1024,1,-196,614,3,0,0,244,971,-1,-1,-1,-1,-1,1,1,1,0x0000000000000009,7.9
2020-02-02,11:00:56.570,91,8.1,0,-1,1,-1024,1,-196,614,3,0,0,244,971,-1,-1,-1,-1,-1,-1,1,1,0x0000000000000009,7.9
2020-02-02,11:00:57.070,91,8.1,0,-1,1,-1024,1,-196,614,3,0,0,244,970,-1,-1,-1,-1,-1,1,1,1,0x0000000000000009,7.9
2020-02-02,11:00:57.570,91,8.1,0,-1,1,-1024,1,-197,614,3,0,0,244,971,-1,-1,-1,-1,-1,1,1,1,0x0000000000000009,7.9
2020-02-02,11:00:58.070,93,8.1,0,0,1,-1024,1,-196,614,3,0,0,244,971,-1,-1,-1,-1,-1,-1,1,1,0x0000000000000009,7.9
2020-02-02,11:00:58.570,94,8.1,0,0,1,-1024,1,-196,614,3,0,0,244,970,-1,-1,-1,-1,-1,-1,1,1,0x0000000000000009,7.9
2020-02-02,11:00:59.070,94,8.1,0,0,1,-1024,1,-196,614,3,0,0,244,971,-1,-1,-1,-1,-1,-1,1,1,0x0000000000000009,7.9
2020-02-02,11:00:59.570,93,8.1,0,-1,1,-1024,1,-197,614,3,0,0,246,970,-1,-1,-1,-1,-1,1,1,1,0x0000000000000009,7.9
2020-02-02,11:01:00.070,94,8.1,0,0,1,-1024,1,-196,614,3,0,0,244,971,-1,-1,-1,-1,-1,-1,1,1,0x0000000000000009,7.9
2020-02-02,11:01:00.570,93,8.1,0,0,1,-1024,1,-196,614,3,0,0,244,971,-1,-1,-1,-1,-1,-1,1,1,0x0000000000000009,7.9
2020-02-02,11:01:01.070,93,8.1,0,-1,1,-1024,1,-196,614,3,0,0,244,971,-1,-1,-1,-1,-1,-1,1,1,0x0000000000000009,7.9
2020-02-02,11:01:01.570,93,8.1,0,-1,1,-1024,1,-196,614,3,0,0,244,970,-1,-1,-1,-1,-1,-1,1,1,0x0000000000000009,7.9
2020-02-02,11:01:02.070,91,8.1,0,0,1,-1024,1,-196,614,3,0,0,246,970,-1,-1,-1,-1,-1,-1,1,1,0x0000000000000009,7.9
2020-02-02,11:01:02.570,91,8.1,0,-1,1,-1024,1,-196,614,3,0,0,244,971,-1,-1,-1,-1,-1,-1,1,1,0x0000000000000009,7.9
2020-02-02,11:01:03.070,89,8.1,0,0,1,-1024,1,-197,614,3,0,0,246,971,-1,-1,-1,-1,-1,-1,1,1,0x0000000000000009,7.9
2020-02-02,11:01:03.570,94,8.1,0,-1,1,-1024,1,-196,614,3,0,0,244,970,-1,-1,-1,-1,-1,-1,1,1,0x0000000000000009,7.9
2020-02-02,11:01:04.070,90,8.1,0,-1,1,-1024,1,-196,614,3,0,0,247,971,-1,-1,-1,-1,-1,-1,1,1,0x0000000000000009,7.9
2020-02-02,11:01:04.570,89,8.1,0,0,1,-1024,1,-197,614,3,0,0,249,970,-1,-1,-1,-1,-1,-1,1,1,0x0000000000000009,7.9
2020-02-02,11:01:05.070,83,8.1,0,-1,1,-1024,1,-196,614,3,0,0,249,971,-1,-1,-1,-1,-1,-1,1,1,0x0000000000000009,7.9
2020-02-02,11:01:05.570,91,8.1,0,-1,1,-1024,1,-197,614,3,0,0,249,970,-1,-1,-1,-1,-1,-1,1,1,0x0000000000000009,7.9
2020-02-02,11:01:06.070,93,8.1,0,-1,1,-1024,1,-197,614,3,0,0,249,971,-1,-1,-1,-1,-1,-1,1,1,0x0000000000000009,7.9
2020-02-02,11:01:06.570,97,8.1,0,0,1,-1024,1,-196,614,3,0,0,250,971,-1,-1,-1,-1,-1,-1,1,1,0x0000000000000009,7.9
2020-02-02,11:01:07.070,96,8.1,0,-1,1,-1024,1,-196,614,3,0,0,249,970,-1,-1,-1,-1,-1,-1,1,1,0x0000000000000009,7.9
2020-02-02,11:01:07.570,93,8.1,0,-1,1,-1024,1,-196,614,3,0,0,249,971,-1,-1,-1,-1,-1,-1,1,1,0x0000000000000009,7.9
2020-02-02,11:01:08.070,91,8.1,0,-1,1,-1024,1,-196,614,3,0,0,249,970,-1,-1,-1,-1,-1,1,1,1,0x0000000000000009,7.9
2020-02-02,11:01:08.570,88,8.1,0,-1,1,-1024,1,-196,614,3,0,0,249,971,-1,-1,-1,-1,-1,-1,1,1,0x0000000000000009,7.9
2020-02-02,11:01:09.070,91,8.1,0,-1,1,-1024,1,-196,614,3,0,0,249,970,-1,-1,-1,-1,-1,-1,1,1,0x0000000000000009,7.9
2020-02-02,11:01:09.570,97,8.1,0,-1,1,-1024,1,-196,614,3,0,0,249,971,-1,-1,-1,-1,-1,-1,1,1,0x0000000000000009,7.9
2020-02-02,11:01:10.070,92,8.1,0,-1,1,-1024,1,-196,614,3,0,0,249,970,-1,-1,-1,-1,-1,-1,1,1,0x0000000000000009,7.9
2020-02-02,11:01:10.570,99,8.1,0,0,1,-1024,1,-196,614,3,0,0,249,971,-1,-1,-1,-1,-1,-1,1,1,0x0000000000000009,7.9
2020-02-02,11:01:11.070,98,8.1,0,-1,1,-1024,1,-196,614,3,0,0,249,971,-1,-1,-1,-1,-1,-1,1,1,0x0000000000000009,7.9
2020-02-02,11:01:11.570,94,8.1,0,0,1,-1024,1,-196,614,3,0,0,249,970,-1,-1,-1,-1,-1,-1,1,1,0x0000000000000009,7.9
2020-02-02,11:01:12.070,94,8.1,0,0,1,-1024,1,-196,614,3,0,0,249,971,-1,-1,-1,-1,-1,-1,1,1,0x0000000000000009,7.9
2020-02-02,11:01:12.570,95,8.1,0,-1,1,-1024,1,-196,614,3,0,0,249,971,-1,-1,-1,-1,-1,-1,1,1,0x0000000000000009,7.9
2020-02-02,11:01:13.070,93,8.1,0,-1,1,-1024,1,-196,614,3,0,0,249,971,-1,-1,-1,-1,-1,-1,1,1,0x0000000000000009,7.9
2020-02-02,11:01:13.570,91,8.1,0,-1,1,-1024,1,-196,614,3,0,0,249,971,-1,-1,-1,-1,-1,-1,1,1,0x0000000000000009,7.9
2020-02-02,11:01:14.070,89,8.1,0,-1,1,-1024,1,-197,614,3,0,0,249,971,-1,-1,-1,-1,-1,-1,1,1,0x0000000000000009,7.9
2020-02-02,11:01:14.570,89,8.1,0,0,1,-1024,1,-196,614,3,0,0,249,972,-1,-1,-1,-1,-1,-1,1,1,0x0000000000000009,7.9
2020-02-02,11:01:15.070,89,8.1,0,-1,1,-1024,1,-196,614,3,0,0,249,971,-1,-1,-1,-1,-1,-1,1,1,0x0000000000000009,7.9
2020-02-02,11:01:15.570,91,8.1,0,0,1,-1024,1,-196,614,2,0,0,249,971,-1,-1,-1,-1,-1,-1,1,1,0x0000000000000009,7.9
2020-02-02,11:01:16.070,89,8.1,0,0,1,-1024,1,-196,614,3,0,0,249,971,-1,-1,-1,-1,-1,-1,1,1,0x0000000000000009,7.9
2020-02-02,11:01:16.570,94,8.1,0,0,1,-1024,1,-196,614,3,0,0,249,971,-1,-1,-1,-1,-1,-1,1,1,0x0000000000000009,7.9
2020-02-02,11:01:17.070,92,8.1,0,-1,1,-1024,1,-196,614,3,0,0,249,971,-1,-1,-1,-1,-1,-1,1,1,0x0000000000000009,7.9
2020-02-02,11:01:17.610,94,8.1,0,-1,1,-1024,1,-196,614,3,0,0,249,971,-1,-1,-1,-1,-1,-1,1,1,0x0000000000000009,7.9
2020-02-02,11:01:18.110,95,8.1,0,-1,1,-1024,1,-196,614,3,0,0,249,971,-1,-1,-1,-1,-1,-1,1,1,0x0000000000000009,7.9
2020-02-02,11:01:18.610,92,8.1,0,0,1,-1024,1,-196,614,3,0,0,249,971,-1,-1,-1,-1,-1,-1,1,1,0x0000000000000009,7.9
2020-02-02,11:01:19.110,94,8.1,0,-1,1,-1024,1,-197,614,3,0,0,249,971,-1,-1,-1,-1,-1,-1,1,1,0x0000000000000009,7.9
2020-02-02,11:01:19.610,92,8.1,0,-1,1,-1024,1,-196,614,3,0,0,249,971,-1,-1,-1,-1,-1,-1,1,1,0x0000000000000009,7.9
2020-02-02,11:01:20.110,91,8.1,0,-1,1,-1024,1,-196,614,3,0,0,277,971,-1,-1,-1,-1,-1,1,1,1,0x0000000000000009,7.9
2020-02-02,11:01:20.610,94,8.1,0,0,1,-1024,1,-196,614,3,0,0,277,971,-1,-1,-1,-1,-1,-1,1,1,0x0000000000000009,7.9
2020-02-02,11:01:21.110,88,8.1,0,0,1,-1024,1,-196,614,3,0,0,277,971,-1,-1,-1,-1,-1,-1,1,1,0x0000000000000009,7.9
2020-02-02,11:01:21.610,95,8.1,0,0,1,-1024,1,-196,614,3,0,0,277,971,-1,-1,-1,-1,-1,-1,1,-1,0x0000000000000009,7.9
2020-02-02,11:01:22.920,98,8.1,0,-1,1,-1024,1,-197,614,3,0,0,276,971,-1,-1,-1,-1,-1,-1,1,-1,0x0000000000000009,7.9
2020-02-02,11:01:23.410,95,8.1,0,-1,1,-1024,1,-196,614,3,0,0,277,971,-1,-1,-1,-1,-1,-1,0,-1,0x0000000000000009,7.9
2020-02-02,11:01:24.120,90,8.1,0,-1,1,-1024,1,-197,614,3,0,0,277,971,-1,-1,-1,-1,-1,-1,1,-1,0x0000000000000009,7.9
2020-02-02,11:01:24.610,92,8.1,0,0,1,-1024,1,-196,614,3,0,0,277,971,-1,-1,-1,-1,-1,-1,1,-1,0x0000000000000009,7.9
2020-02-02,11:01:25.110,89,8.1,0,0,1,-1024,1,-197,614,2,0,0,277,971,-1,-1,-1,-1,-1,-1,1,-1,0x0000000000000009,7.9
2020-02-02,11:01:25.610,89,8.1,0,-1,1,-1024,1,-196,614,3,0,0,277,971,-1,-1,-1,-1,-1,-1,1,-1,0x0000000000000009,7.9
2020-02-02,11:01:26.110,95,8.1,0,0,1,-1024,1,-196,614,3,0,0,277,971,-1,-1,-1,-1,-1,-1,1,-1,0x0000000000000009,7.9
2020-02-02,11:01:26.610,90,8.1,0,-1,1,-1024,1,-197,614,3,0,0,277,971,-1,-1,-1,-1,-1,-1,1,-1,0x0000000000000009,7.9
2020-02-02,11:01:27.150,95,8.1,0,-1,1,-1024,1,-196,614,3,0,0,277,971,-1,-1,-1,-1,-1,-1,1,-1,0x0000000000000009,7.9
2020-02-02,11:01:27.650,99,8.1,0,-1,1,-1024,1,-196,614,3,0,0,276,971,-1,-1,-1,-1,-1,-1,1,-1,0x0000000000000009,7.9
2020-02-02,11:01:28.150,101,8.1,0,-1,1,-1024,1,-197,614,3,0,0,277,971,-1,-1,-1,-1,-1,-1,1,-1,0x0000000000000009,7.9
2020-02-02,11:01:28.650,102,8.1,0,-1,1,-1024,1,-196,614,3,0,0,277,971,-1,-1,-1,-1,-1,-1,1,-1,0x0000000000000009,7.9
2020-02-02,11:01:29.180,92,8.1,0,-1,1,-1024,1,-197,614,3,0,0,276,971,-1,-1,-1,-1,-1,-1,1,-1,0x0000000000000009,7.9
2020-02-02,11:01:29.680,93,8.1,0,0,1,-1024,1,-197,614,3,0,0,277,971,-1,-1,-1,-1,-1,-1,1,-1,0x0000000000000009,7.9
2020-02-02,11:01:30.180,91,8.1,0,-1,1,-1024,1,-197,614,3,0,0,277,971,-1,-1,-1,-1,-1,-1,1,-1,0x0000000000000009,7.9
2020-02-02,11:01:30.680,91,8.1,0,-1,1,-1024,1,-197,614,3,0,0,277,971,-1,-1,-1,-1,-1,-1,1,-1,0x0000000000000009,7.9
2020-02-02,11:01:31.180,92,8.1,0,-1,1,-1024,1,-197,614,3,0,0,277,971,-1,-1,-1,-1,-1,-1,1,-1,0x0000000000000009,7.9
2020-02-02,11:01:31.680,89,8.1,0,-1,1,-1024,1,-197,614,3,0,0,277,971,-1,-1,-1,-1,-1,-1,1,-1,0x0000000000000009,7.9
2020-02-02,11:01:32.180,88,8.1,0,0,1,-1024,1,-196,614,3,0,0,277,970,-1,-1,-1,-1,-1,-1,1,-1,0x0000000000000009,7.9
2020-02-02,11:01:32.680,94,8.1,0,0,1,-1024,1,-196,614,3,0,0,277,970,-1,-1,-1,-1,-1,-1,1,-1,0x0000000000000009,7.9
2020-02-02,11:01:33.180,93,8.1,0,0,1,-1024,1,-196,614,3,0,0,277,970,-1,-1,-1,-1,-1,1,1,-1,0x0000000000000009,7.9
2020-02-02,11:01:33.680,95,8.1,0,0,1,-1024,1,-197,614,3,0,0,277,968,-1,-1,-1,-1,-1,-1,1,-1,0x0000000000000009,7.9
2020-02-02,11:01:34.270,97,8.1,0,-1,1,-1024,1,-197,614,3,0,0,277,970,-1,-1,-1,-1,-1,-1,1,-1,0x0000000000000009,7.9
2020-02-02,11:01:34.770,94,8.1,0,0,1,-1024,1,-196,614,3,0,0,277,971,-1,-1,-1,-1,-1,-1,1,-1,0x0000000000000009,7.9
2020-02-02,11:01:35.270,91,8.1,0,0,1,-1024,1,-196,614,3,0,0,277,971,-1,-1,-1,-1,-1,-1,1,-1,0x0000000000000009,7.9
2020-02-02,11:01:35.770,92,8.1,0,-1,1,-1024,1,-196,614,3,0,0,277,971,-1,-1,-1,-1,-1,-1,1,-1,0x0000000000000009,7.9
2020-02-02,11:01:36.270,92,8.1,0,0,1,-1024,1,-197,614,3,0,0,277,971,-1,-1,-1,-1,-1,1,1,-1,0x0000000000000009,7.9
2020-02-02,11:01:36.770,89,8.1,0,0,1,-1024,1,-196,614,3,0,0,277,971,-1,-1,-1,-1,-1,-1,1,-1,0x0000000000000009,7.9
2020-02-02,11:01:37.270,83,8.1,0,0,1,-1024,1,-196,614,3,0,0,277,971,-1,-1,-1,-1,-1,1,1,-1,0x0000000000000009,7.9
2020-02-02,11:01:37.770,99,8.1,0,-1,1,-1024,1,-197,614,3,0,0,277,971,-1,-1,-1,-1,-1,1,1,-1,0x0000000000000009,7.9
2020-02-02,11:01:38.270,100,8.1,0,0,1,-1024,1,-197,614,3,0,0,277,971,-1,-1,-1,-1,-1,-1,1,1,0x0000000000000009,7.9
2020-02-02,11:01:38.770,98,8.1,0,-1,1,-1024,1,-196,614,3,0,0,277,971,-1,-1,-1,-1,-1,-1,1,-1,0x0000000000000009,7.9
2020-02-02,11:01:39.270,97,8.1,0,-1,1,-1024,1,-196,614,3,0,0,277,971,-1,-1,-1,-1,-1,-1,1,-1,0x0000000000000009,7.9
2020-02-02,11:01:39.770,97,8.1,0,0,1,-1024,1,-197,614,3,0,0,277,971,-1,-1,-1,-1,-1,-1,1,-1,0x0000000000000009,7.9
2020-02-02,11:01:40.270,93,8.1,0,0,1,-1024,1,-196,614,3,0,0,277,971,-1,-1,-1,-1,-1,-1,1,1,0x0000000000000009,7.9
2020-02-02,11:01:40.770,92,8.1,0,0,1,-1024,1,-197,614,3,0,0,277,971,-1,-1,-1,-1,-1,-1,1,-1,0x0000000000000009,7.9
2020-02-02,11:01:41.270,91,8.1,0,0,1,-1024,1,-196,614,3,0,0,277,971,-1,-1,-1,-1,-1,-1,1,-1,0x0000000000000009,7.9
2020-02-02,11:01:41.770,93,8.1,0,0,1,-1024,1,-196,614,2,0,0,277,971,-1,-1,-1,-1,-1,-1,1,-1,0x0000000000000009,7.9
2020-02-02,11:01:42.270,94,8.1,0,0,1,-1024,1,-196,614,3,0,0,277,971,-1,-1,-1,-1,-1,-1,1,-1,0x0000000000000009,7.9
2020-02-02,11:01:42.770,90,8.1,0,0,1,-1024,1,-196,614,3,0,0,277,971,-1,-1,-1,-1,-1,-1,1,-1,0x0000000000000009,7.9
2020-02-02,11:01:43.270,92,8.1,0,0,1,-1024,1,-196,614,3,0,0,277,971,-1,-1,-1,-1,-1,-1,1,-1,0x0000000000000009,7.9
2020-02-02,11:01:43.770,90,8.1,0,-77,1,-1024,1,-197,614,3,0,0,277,971,-1,-1,-1,-1,-1,-1,1,-1,0x0000000000000009,7.9
2020-02-02,11:01:44.270,94,8.1,0,-1,1,-1024,1,-196,614,3,0,0,277,971,-1,-1,-1,-1,-1,-1,1,-1,0x0000000000000009,7.9
2020-02-02,11:01:44.770,94,8.1,0,0,1,-1024,1,-196,614,3,0,0,277,971,-1,-1,-1,-1,-1,-1,1,-1,0x0000000000000009,7.9
2020-02-02,11:01:45.270,93,8.1,0,0,1,-1024,1,-196,614,3,0,0,277,971,-1,-1,-1,-1,-1,-1,1,-1,0x0000000000000009,7.9
2020-02-02,11:01:45.770,92,8.1,0,0,1,-1024,1,-196,614,3,0,0,277,971,-1,-1,-1,-1,-1,-1,1,-1,0x0000000000000009,7.9
2020-02-02,11:01:46.270,91,8.1,0,-1,1,-1024,1,-196,614,3,0,0,277,971,-1,-1,-1,-1,-1,-1,1,-1,0x0000000000000009,7.9
2020-02-02,11:01:46.810,93,8.1,0,-1,1,-1024,1,-196,614,3,0,0,277,971,-1,-1,-1,-1,-1,-1,1,-1,0x0000000000000009,7.9
2020-02-02,11:01:47.310,93,8.1,0,-1,1,-1024,1,-197,614,3,0,0,277,971,-1,-1,-1,-1,-1,-1,1,-1,0x0000000000000009,7.9
2020-02-02,11:01:47.810,92,8.1,0,0,1,-1024,1,-196,614,3,0,0,277,971,-1,-1,-1,-1,-1,-1,1,-1,0x0000000000000009,7.9
2020-02-02,11:01:48.310,91,8.1,0,1,1,-1024,1,-196,614,3,0,0,277,971,-1,-1,-1,-1,-1,-1,1,-1,0x0000000000000009,7.9
2020-02-02,11:01:48.810,96,8.1,0,-1,1,-1024,1,-196,614,3,0,0,277,971,-1,-1,-1,-1,-1,-1,1,-1,0x0000000000000009,7.9
2020-02-02,11:01:49.310,90,8.1,0,0,1,-1024,1,-197,614,3,0,0,277,971,-1,-1,-1,-1,-1,-1,1,-1,0x0000000000000009,7.9
2020-02-02,11:01:49.810,92,8.1,0,0,1,-1024,1,-196,614,3,0,0,277,971,-1,-1,-1,-1,-1,-1,1,-1,0x0000000000000009,7.9
2020-02-02,11:01:50.310,94,8.1,0,-1,1,-1024,1,-196,614,3,0,0,277,971,-1,-1,-1,-1,-1,-1,1,-1,0x0000000000000009,7.9
2020-02-02,11:01:50.810,93,8.1,0,-1,1,-1024,1,-197,614,3,0,0,277,971,-1,-1,-1,-1,-1,-1,1,-1,0x0000000000000009,7.9
2020-02-02,11:01:51.310,92,8.1,0,0,1,-1024,1,-196,614,3,0,0,277,971,-1,-1,-1,-1,-1,-1,1,-1,0x0000000000000009,7.9
2020-02-02,11:01:51.820,92,8.1,0,-1,2,-1024,1,-197,614,3,0,0,277,971,-1,-1,-1,-1,-1,-1,1,1,0x0000000000000009,7.9
2020-02-02,11:01:52.360,93,8.1,0,0,1,-1024,1,-196,614,3,0,0,277,971,-1,-1,-1,-1,-1,-1,1,1,0x0000000000000009,7.9
2020-02-02,11:01:52.860,91,8.1,0,0,1,-1024,1,-196,614,3,0,0,277,971,-1,-1,-1,-1,-1,-1,1,-1,0x0000000000000009,7.9
2020-02-02,11:01:53.360,92,8.1,0,-1,1,-1024,1,-196,614,3,0,0,316,971,-1,-1,-1,-1,-1,1,1,-1,0x0000000000000009,7.9
2020-02-02,11:01:53.860,97,8.1,0,-1,1,-1024,1,-197,614,3,0,0,316,971,-1,-1,-1,-1,-1,-1,1,-1,0x0000000000000009,7.9
2020-02-02,11:01:54.360,97,8.1,0,-1,1,-1024,1,-196,614,3,0,0,316,971,-1,-1,-1,-1,-1,-1,1,-1,0x0000000000000009,7.9
2020-02-02,11:01:55.770,94,8.1,0,-1,1,-1024,1,-197,614,3,0,0,316,971,-1,-1,-1,-1,-1,-1,1,-1,0x0000000000000009,7.9
2020-02-02,11:01:57.420,92,8.1,0,0,1,-1024,1,-196,614,3,0,0,316,971,-1,-1,-1,-1,-1,-1,1,-1,0x0000000000000009,7.9
2020-02-02,11:01:58.870,89,8.1,0,0,1,-1024,1,-197,614,3,0,0,316,971,-1,-1,-1,-1,-1,-1,1,-1,0x0000000000000009,7.9
2020-02-02,11:01:59.920,87,8.1,0,-1,1,-1024,1,-196,614,3,0,0,316,971,-1,-1,-1,-1,-1,-1,1,-1,0x0000000000000009,7.9
2020-02-02,11:02:00.420,88,8.1,0,0,1,-1024,1,-197,614,3,0,0,316,971,-1,-1,-1,-1,-1,-1,1,-1,0x0000000000000009,7.9
2020-02-02,11:02:00.920,98,8.1,0,-1,2,-1024,1,-196,614,3,0,0,317,971,-1,-1,-1,-1,-1,-1,1,-1,0x0000000000000009,7.9
2020-02-02,11:02:01.420,97,8.1,0,-1,1,-1024,1,-196,614,3,0,0,316,971,-1,-1,-1,-1,-1,-1,1,-1,0x0000000000000009,7.9
2020-02-02,11:02:01.920,91,8.1,0,-1,1,-1024,1,-196,614,3,0,0,316,971,-1,-1,-1,-1,-1,-1,1,-1,0x0000000000000009,7.9
2020-02-02,11:02:02.420,93,8.1,0,-1,2,-1024,1,-196,614,3,0,0,316,971,-1,-1,-1,-1,-1,-1,1,-1,0x0000000000000009,7.9
2020-02-02,11:02:02.920,92,8.1,0,-1,2,-1024,1,-196,614,3,0,0,317,971,-1,-1,-1,-1,-1,-1,1,-1,0x0000000000000009,7.9
2020-02-02,11:02:03.420,92,8.1,0,-1,1,-1024,1,-197,614,3,0,0,317,971,-1,-1,-1,-1,-1,-1,1,-1,0x0000000000000009,7.9
2020-02-02,11:02:03.920,90,8.1,0,-1,1,-1024,1,-196,614,3,0,0,317,971,-1,-1,-1,-1,-1,-1,1,-1,0x0000000000000009,7.9
2020-02-02,11:02:04.420,92,8.1,0,0,1,-1024,1,-196,614,3,0,0,317,971,-1,-1,-1,-1,-1,-1,1,-1,0x0000000000000009,7.9
2020-02-02,11:02:04.920,94,8.1,0,0,2,-1024,1,-196,614,3,0,0,317,971,-1,-1,-1,-1,-1,-1,1,-1,0x0000000000000009,7.9
2020-02-02,11:02:05.420,96,8.1,0,0,1,-1024,1,-196,614,3,0,0,317,971,-1,-1,-1,-1,-1,-1,1,-1,0x0000000000000009,7.9
2020-02-02,11:02:05.920,97,8.1,0,0,1,-1024,1,-196,614,3,0,0,316,971,-1,-1,-1,-1,-1,-1,1,-1,0x0000000000000009,7.9
2020-02-02,11:02:06.420,94,8.1,0,-1,1,-1024,1,-196,614,3,0,0,316,971,-1,-1,-1,-1,-1,-1,1,-1,0x0000000000000009,7.9
2020-02-02,11:02:06.920,94,8.1,0,0,1,-1024,1,-196,614,3,0,0,316,971,-1,-1,-1,-1,-1,-1,1,-1,0x0000000000000009,7.9
2020-02-02,11:02:07.420,95,8.1,0,0,1,-1024,1,-196,614,3,0,0,316,971,-1,-1,-1,-1,-1,-1,1,-1,0x0000000000000009,7.9
2020-02-02,11:02:07.920,95,8.1,0,0,1,-1024,1,-196,614,3,0,0,317,971,-1,-1,-1,-1,-1,-1,1,-1,0x0000000000000009,7.9
2020-02-02,11:02:08.420,94,8.1,0,-1,1,-1024,1,-196,614,3,0,0,316,971,-1,-1,-1,-1,-1,-1,1,-1,0x0000000000000009,7.9
2020-02-02,11:02:08.920,91,8.1,0,0,2,-1024,1,-196,614,3,0,0,317,971,-1,-1,-1,-1,-1,-1,1,-1,0x0000000000000009,7.9
2020-02-02,11:02:09.420,91,8.1,0,0,1,-1024,1,-196,614,3,0,0,316,971,-1,-1,-1,-1,-1,-1,1,-1,0x0000000000000009,7.9
2020-02-02,11:02:09.920,90,8.1,0,-1,1,-1024,1,-196,614,3,0,0,316,971,-1,-1,-1,-1,-1,-1,1,-1,0x0000000000000009,7.9
2020-02-02,11:02:10.420,97,8.1,0,0,1,-1024,1,-197,614,3,0,0,317,971,-1,-1,-1,-1,-1,-1,1,-1,0x0000000000000009,7.9
2020-02-02,11:02:10.920,93,8.1,0,-1,1,-1024,1,-196,614,3,0,0,316,971,-1,-1,-1,-1,-1,-1,1,-1,0x0000000000000009,7.9
2020-02-02,11:02:11.420,94,8.1,0,0,1,-1024,1,-197,614,3,0,0,317,971,-1,-1,-1,-1,-1,-1,1,-1,0x0000000000000009,7.9
2020-02-02,11:02:11.920,97,8.1,0,0,1,-1024,1,-196,614,3,0,0,316,971,-1,-1,-1,-1,-1,-1,1,-1,0x0000000000000009,7.9
2020-02-02,11:02:12.420,97,8.1,0,0,1,-1024,1,-196,614,3,0,0,317,971,-1,-1,-1,-1,-1,-1,1,-1,0x0000000000000009,7.9
2020-02-02,11:02:12.920,95,8.1,0,0,1,-1024,1,-196,614,3,0,0,317,971,-1,-1,-1,-1,-1,-1,1,-1,0x0000000000000009,7.9
2020-02-02,11:02:13.420,91,8.1,0,0,1,-1024,1,-196,614,2,0,0,316,971,-1,-1,-1,-1,-1,-1,1,-1,0x0000000000000009,7.9
2020-02-02,11:02:13.920,92,8.1,0,-1,1,-1024,1,-197,614,3,0,0,317,971,-1,-1,-1,-1,-1,-1,1,-1,0x0000000000000009,7.9
2020-02-02,11:02:14.420,92,8.1,0,0,1,-1024,1,-196,614,3,0,0,317,971,-1,-1,-1,-1,-1,-1,1,-1,0x0000000000000009,7.9
2020-02-02,11:02:14.920,91,8.1,0,-1,1,-1024,1,-196,614,3,0,0,317,971,-1,-1,-1,-1,-1,-1,1,-1,0x0000000000000009,7.9
2020-02-02,11:02:15.420,91,8.1,0,-1,1,-1024,1,-196,614,3,0,0,316,971,-1,-1,-1,-1,-1,-1,1,-1,0x0000000000000009,7.9
2020-02-02,11:02:15.920,89,8.1,0,-1,1,-1024,1,-197,614,3,0,0,317,971,-1,-1,-1,-1,-1,-1,1,-1,0x0000000000000009,7.9
2020-02-02,11:02:16.420,89,8.1,0,-1,1,-1024,1,-196,614,3,0,0,317,971,-1,-1,-1,-1,-1,-1,1,-1,0x0000000000000009,7.9
2020-02-02,11:02:16.920,96,8.1,0,-1,1,-1024,1,-196,614,3,0,0,317,971,-1,-1,-1,-1,-1,-1,1,-1,0x0000000000000009,7.9
2020-02-02,11:02:17.420,94,8.1,0,0,1,-1024,1,-196,614,3,0,0,316,971,-1,-1,-1,-1,-1,-1,1,-1,0x0000000000000009,7.9
2020-02-02,11:02:17.920,92,8.1,0,-1,1,-1024,1,-196,614,3,0,0,316,971,-1,-1,-1,-1,-1,-1,1,-1,0x0000000000000009,7.9
2020-02-02,11:02:18.420,93,8.1,0,0,1,-1024,1,-197,614,3,0,0,317,971,-1,-1,-1,-1,-1,-1,1,-1,0x0000000000000009,7.9
2020-02-02,11:02:18.920,91,8.1,0,0,1,-1024,1,-196,614,3,0,0,316,971,-1,-1,-1,-1,-1,-1,1,-1,0x0000000000000009,7.9
2020-02-02,11:02:19.420,92,8.1,0,-1,1,-1024,1,-196,614,3,0,0,317,971,-1,-1,-1,-1,-1,-1,1,-1,0x0000000000000009,7.9
2020-02-02,11:02:19.920,91,8.1,0,-1,2,-1024,1,-197,614,3,0,0,316,971,-1,-1,-1,-1,-1,-1,1,-1,0x0000000000000009,7.9
2020-02-02,11:02:20.420,91,8.1,0,-1,2,-1024,1,-196,614,3,0,0,317,971,-1,-1,-1,-1,-1,-1,1,-1,0x0000000000000009,7.9
2020-02-02,11:02:20.920,90,8.1,0,-1,1,-1024,1,-196,614,3,0,0,317,971,-1,-1,-1,-1,-1,-1,1,-1,0x0000000000000009,7.9
2020-02-02,11:02:21.420,89,8.1,0,-1,1,-1024,1,-197,614,3,0,0,317,971,-1,-1,-1,-1,-1,-1,1,-1,0x0000000000000009,7.9
2020-02-02,11:02:21.920,89,8.1,0,0,1,-1024,1,-196,614,3,0,0,316,971,-1,-1,-1,-1,-1,-1,1,-1,0x0000000000000009,7.9
2020-02-02,11:02:22.420,91,8.1,0,0,1,-1024,1,-196,614,3,0,0,316,971,-1,-1,-1,-1,-1,-1,1,-1,0x0000000000000009,7.9
2020-02-02,11:02:22.920,91,8.1,0,0,1,-1024,1,-196,614,3,0,0,317,971,-1,-1,-1,-1,-1,-1,1,-1,0x0000000000000009,7.9
2020-02-02,11:02:23.420,92,8.1,0,0,1,-1024,1,-196,614,3,0,0,316,971,-1,-1,-1,-1,-1,-1,1,-1,0x0000000000000009,7.9
2020-02-02,11:02:23.920,93,8.1,0,0,1,-1024,1,-196,614,3,0,0,317,971,-1,-1,-1,-1,-1,-1,1,-1,0x0000000000000009,7.9
2020-02-02,11:02:24.420,92,8.1,0,0,1,-1024,1,-197,614,3,0,0,316,971,-1,-1,-1,-1,-1,-1,1,-1,0x0000000000000009,7.9
2020-02-02,11:02:24.920,92,8.1,0,-1,1,-1024,1,-197,614,3,0,0,317,971,-1,-1,-1,-1,-1,-1,1,-1,0x0000000000000009,7.9
2020-02-02,11:02:25.420,90,8.1,0,-1,1,-1024,1,-196,614,3,0,0,317,971,-1,-1,-1,-1,-1,-1,1,-1,0x0000000000000009,7.9
2020-02-02,11:02:25.920,90,8.1,0,0,1,-1024,1,-196,614,3,0,0,317,971,-1,-1,-1,-1,-1,-1,1,-1,0x0000000000000009,7.9
2020-02-02,11:02:26.420,90,8.1,0,-1,1,-1024,1,-196,614,3,0,0,316,971,-1,-1,-1,-1,-1,-1,1,-1,0x0000000000000009,7.9
2020-02-02,11:02:26.920,89,8.1,0,-1,1,-1024,1,-196,614,3,0,0,316,971,-1,-1,-1,-1,-1,-1,1,-1,0x0000000000000009,7.9
2020-02-02,11:02:27.420,92,8.1,0,-1,1,-1024,1,-196,614,3,0,0,316,971,-1,-1,-1,-1,-1,-1,1,-1,0x0000000000000009,7.9
2020-02-02,11:02:27.920,93,8.1,0,0,1,-1024,1,-197,614,3,0,0,317,971,-1,-1,-1,-1,-1,-1,1,-1,0x0000000000000009,7.9
2020-02-02,11:02:28.420,94,8.1,0,0,1,-1024,1,-196,614,3,0,0,316,971,-1,-1,-1,-1,-1,-1,1,-1,0x0000000000000009,7.9
2020-02-02,11:02:28.920,94,8.1,0,-1,1,-1024,1,-196,614,3,0,0,316,971,-1,-1,-1,-1,-1,-1,1,-1,0x0000000000000009,7.9
2020-02-02,11:02:29.420,92,8.1,0,-1,1,-1024,1,-196,614,2,0,0,316,971,-1,-1,-1,-1,-1,-1,1,-1,0x0000000000000009,7.9
2020-02-02,11:02:29.920,93,8.1,0,-1,1,-1024,1,-196,614,3,0,0,317,971,-1,-1,-1,-1,-1,-1,1,-1,0x0000000000000009,7.9
2020-02-02,11:02:30.420,92,8.1,0,0,1,-1024,1,-196,614,3,0,0,316,971,-1,-1,-1,-1,-1,-1,1,-1,0x0000000000000009,7.9
2020-02-02,11:02:30.920,92,8.1,0,0,1,-1024,1,-196,614,3,0,0,316,971,-1,-1,-1,-1,-1,-1,1,-1,0x0000000000000009,7.9
2020-02-02,11:02:31.420,91,8.1,0,-1,1,-1024,1,-196,614,3,0,0,316,971,-1,-1,-1,-1,-1,-1,1,-1,0x0000000000000009,7.9
2020-02-02,11:02:31.920,89,8.1,0,-1,1,-1024,1,-197,614,3,0,0,316,971,-1,-1,-1,-1,-1,-1,1,-1,0x0000000000000009,7.9
2020-02-02,11:02:32.420,90,8.1,0,-1,1,-1024,1,-196,614,3,0,0,316,971,-1,-1,-1,-1,-1,-1,1,-1,0x0000000000000009,7.9
2020-02-02,11:02:32.920,91,8.1,0,0,1,-1024,1,-197,614,3,0,0,316,971,-1,-1,-1,-1,-1,-1,1,-1,0x0000000000000009,7.9
2020-02-02,11:02:33.420,92,8.1,0,-1,1,-1024,1,-196,614,3,0,0,316,971,-1,-1,-1,-1,-1,-1,1,-1,0x0000000000000009,7.9
2020-02-02,11:02:33.920,93,8.1,0,-1,1,-1024,1,-197,614,3,0,0,316,971,-1,-1,-1,-1,-1,-1,1,-1,0x0000000000000009,7.9
2020-02-02,11:02:34.420,94,8.1,0,0,1,-1024,1,-196,614,3,0,0,316,971,-1,-1,-1,-1,-1,-1,1,-1,0x0000000000000009,7.9
2020-02-02,11:02:34.920,94,8.1,0,-1,1,-1024,1,-196,614,3,0,0,316,971,-1,-1,-1,-1,-1,-1,1,-1,0x0000000000000009,7.9
2020-02-02,11:02:35.420,92,8.1,0,0,1,-1024,1,-197,614,3,0,0,316,971,-1,-1,-1,-1,-1,-1,1,-1,0x0000000000000009,7.9
2020-02-02,11:02:35.920,92,8.1,0,0,1,-1024,1,-196,614,3,0,0,316,971,-1,-1,-1,-1,-1,-1,1,-1,0x0000000000000009,7.9
2020-02-02,11:02:36.420,91,8.1,0,-1,1,-1024,1,-196,614,3,0,0,316,971,-1,-1,-1,-1,-1,-1,1,-1,0x0000000000000009,7.9
2020-02-02,11:02:36.920,91,8.1,0,-1,1,-1024,1,-197,614,3,0,0,317,971,-1,-1,-1,-1,-1,-1,1,-1,0x0000000000000009,7.9
2020-02-02,11:02:37.420,90,8.1,0,-1,1,-1024,1,-196,614,3,0,0,316,971,-1,-1,-1,-1,-1,-1,1,-1,0x0000000000000009,7.9
2020-02-02,11:02:37.920,90,8.1,0,0,1,-1024,1,-196,614,3,0,0,316,971,-1,-1,-1,-1,-1,-1,1,-1,0x0000000000000009,7.9
2020-02-02,11:02:38.420,92,8.1,0,0,1,-1024,1,-196,614,3,0,0,316,971,-1,-1,-1,-1,-1,-1,1,-1,0x0000000000000009,7.9
2020-02-02,11:02:38.920,94,8.1,0,-1,1,-1024,1,-196,614,3,0,0,317,971,-1,-1,-1,-1,-1,-1,1,-1,0x0000000000000009,7.9
2020-02-02,11:02:39.420,97,8.1,0,-1,1,-1024,1,-196,614,3,0,0,316,971,-1,-1,-1,-1,-1,-1,1,-1,0x0000000000000009,7.9
2020-02-02,11:03:40.680,91,8.1,0,-1,1,-1024,1,-196,614,3,0,0,316,971,-1,-1,-1,-1,-1,-1,1,-1,0x0000000000000009,7.9
2020-02-02,11:03:41.930,91,8.1,0,-1,1,-1024,1,-196,614,3,0,0,316,971,-1,-1,-1,-1,-1,-1,1,-1,0x0000000000000009,7.9
2020-02-02,11:03:42.420,92,8.1,0,-1,1,-1024,1,-196,614,2,0,0,316,971,-1,-1,-1,-1,-1,-1,1,-1,0x0000000000000009,7.9
2020-02-02,11:03:43.580,93,8.1,0,-1,1,-1024,1,-197,614,3,0,0,316,971,-1,-1,-1,-1,-1,-1,1,-1,0x0000000000000009,7.9
2020-02-02,11:03:44.070,93,8.1,0,-1,1,-1024,1,-197,614,3,0,0,317,971,-1,-1,-1,-1,-1,-1,1,-1,0x0000000000000009,7.9
2020-02-02,11:03:44.570,92,8.1,0,0,1,-1024,1,-197,614,3,0,0,317,971,-1,-1,-1,-1,-1,-1,1,-1,0x0000000000000009,7.9
2020-02-02,11:03:45.070,92,8.1,0,-1,1,-1024,1,-196,614,3,0,0,316,971,-1,-1,-1,-1,-1,-1,1,-1,0x0000000000000009,7.9
2020-02-02,11:03:45.570,92,8.1,0,-1,1,-1024,1,-196,614,3,0,0,316,971,-1,-1,-1,-1,-1,-1,1,-1,0x0000000000000009,7.9
2020-02-02,11:03:46.070,92,8.1,0,-1,1,-1024,1,-196,614,3,0,0,316,971,-1,-1,-1,-1,-1,-1,1,-1,0x0000000000000009,7.9
2020-02-02,11:03:46.570,91,8.1,0,-1,1,-1024,1,-197,614,3,0,0,316,971,-1,-1,-1,-1,-1,-1,1,-1,0x0000000000000009,7.9
2020-02-02,11:03:47.070,90,8.1,0,-1,1,-1024,1,-196,614,3,0,0,316,971,-1,-1,-1,-1,-1,-1,1,-1,0x0000000000000009,7.9
2020-02-02,11:03:47.570,92,8.1,0,-1,1,-1024,1,-196,614,3,0,0,316,971,-1,-1,-1,-1,-1,-1,1,-1,0x0000000000000009,7.9
2020-02-02,11:03:48.070,92,8.1,0,-1,1,-1024,1,-196,614,3,0,0,316,971,-1,-1,-1,-1,-1,-1,1,-1,0x0000000000000009,7.9
2020-02-02,11:03:48.570,94,8.1,0,-1,1,-1024,1,-197,614,2,0,0,316,971,-1,-1,-1,-1,-1,-1,1,-1,0x0000000000000009,7.9
2020-02-02,11:03:49.070,94,8.1,0,-1,1,-1024,1,-196,614,3,0,0,316,971,-1,-1,-1,-1,-1,-1,1,-1,0x0000000000000009,7.9
2020-02-02,11:03:49.570,95,8.1,0,-1,1,-1024,1,-196,614,3,0,0,316,971,-1,-1,-1,-1,-1,-1,1,-1,0x0000000000000009,7.9
2020-02-02,11:03:50.070,95,8.1,0,-1,1,-1024,1,-197,614,3,0,0,316,971,-1,-1,-1,-1,-1,-1,1,-1,0x0000000000000009,7.9
2020-02-02,11:03:50.570,94,8.1,0,-1,1,-1024,1,-196,614,3,0,0,316,971,-1,-1,-1,-1,-1,-1,1,-1,0x0000000000000009,7.9
2020-02-02,11:03:51.070,92,8.1,0,-1,1,-1024,1,-196,614,3,0,0,316,971,-1,-1,-1,-1,-1,-1,1,-1,0x0000000000000009,7.9
2020-02-02,11:03:51.780,92,8.1,0,-1,1,-1024,1,-196,614,3,0,0,316,971,-1,-1,-1,-1,-1,-1,1,-1,0x0000000000000009,7.9
2020-02-02,11:03:52.270,91,8.1,0,-1,1,-1024,1,-196,614,3,0,0,316,971,-1,-1,-1,-1,-1,-1,1,1,0x0000000000000009,7.9
2020-02-02,11:03:52.770,91,8.1,0,-1,1,-1024,1,-196,614,3,0,0,316,971,-1,-1,-1,-1,-1,-1,1,-1,0x0000000000000009,7.9
2020-02-02,11:03:53.270,92,8.1,0,-1,1,-1024,1,-196,614,3,0,0,316,971,-1,-1,-1,-1,-1,-1,1,-1,0x0000000000000009,7.9
2020-02-02,11:03:53.770,92,8.1,0,-1,1,-1024,1,-196,614,3,0,0,316,971,-1,-1,-1,-1,-1,-1,1,-1,0x0000000000000009,7.9
2020-02-02,11:03:54.270,88,8.1,0,-1,1,-1024,1,-196,614,3,0,0,316,970,-1,-1,-1,-1,-1,-1,1,-1,0x0000000000000009,7.9
2020-02-02,11:03:54.770,89,8.1,0,-1,1,-1024,1,-196,614,3,0,0,316,968,-1,-1,-1,-1,-1,-1,1,-1,0x0000000000000009,7.9
2020-02-02,11:03:55.270,90,8.1,0,-1,1,-1024,1,-196,614,3,0,0,316,968,-1,-1,-1,-1,-1,-1,1,-1,0x0000000000000009,7.9
2020-02-02,11:03:55.770,93,8.1,0,0,1,-1024,1,-197,614,3,0,0,316,968,-1,-1,-1,-1,-1,-1,1,-1,0x0000000000000009,7.9
2020-02-02,11:03:56.270,92,8.1,0,0,1,-1024,1,-196,614,3,0,0,316,968,-1,-1,-1,-1,-1,-1,1,-1,0x0000000000000009,7.9
2020-02-02,11:03:56.770,94,8.1,0,0,1,-1024,1,-196,614,3,0,0,316,970,-1,-1,-1,-1,-1,-1,1,-1,0x0000000000000009,7.9
2020-02-02,11:03:57.270,92,8.1,0,-1,1,-1024,1,-196,614,3,0,0,316,970,-1,-1,-1,-1,-1,-1,1,1,0x0000000000000009,7.9
2020-02-02,11:03:57.770,92,8.1,0,0,1,-1024,1,-196,614,3,0,0,316,959,-1,-1,-1,-1,-1,-1,1,1,0x0000000000000009,7.9
2020-02-02,11:03:58.270,92,8.1,0,-1,1,-1024,1,-196,614,3,0,0,316,960,-1,-1,-1,-1,-1,-1,1,1,0x0000000000000009,7.9
2020-02-02,11:03:58.770,91,8.1,0,-1,1,-1024,1,-196,614,3,0,0,316,960,-1,-1,-1,-1,-1,-1,1,1,0x0000000000000009,7.9
2020-02-02,11:03:59.270,92,8.1,0,-1,1,-1024,1,-197,614,3,0,0,316,960,-1,-1,-1,-1,-1,-1,1,1,0x0000000000000009,7.9
2020-02-02,11:03:59.770,91,8.1,0,-1,1,-1024,1,-196,614,3,0,0,316,962,-1,-1,-1,-1,-1,-1,1,1,0x0000000000000009,7.9
2020-02-02,11:04:00.270,90,8.1,0,0,1,-1024,1,-196,614,3,0,0,316,962,-1,-1,-1,-1,-1,-1,1,1,0x0000000000000009,7.9
2020-02-02,11:04:00.770,92,8.1,0,-1,1,-1024,1,-196,614,2,0,0,314,962,-1,-1,-1,-1,-1,-1,1,1,0x0000000000000009,7.9
2020-02-02,11:04:01.270,93,8.1,0,-1,1,-1024,1,-197,614,3,0,0,316,962,-1,-1,-1,-1,-1,-1,1,1,0x0000000000000009,7.9
2020-02-02,11:04:01.770,94,8.1,0,-1,1,-1024,1,-197,614,3,0,0,316,960,-1,-1,-1,-1,-1,-1,1,1,0x0000000000000009,7.9
2020-02-02,11:04:02.270,93,8.1,0,-1,1,-1024,1,-196,614,3,0,0,316,962,-1,-1,-1,-1,-1,-1,1,1,0x0000000000000009,7.9
2020-02-02,11:04:02.770,93,8.1,0,0,1,-1024,1,-196,614,3,0,0,316,962,-1,-1,-1,-1,-1,-1,1,1,0x0000000000000009,7.9
2020-02-02,11:04:03.270,92,8.1,0,-1,1,-1024,1,-196,614,3,0,0,316,962,-1,-1,0,-1,-1,-1,1,1,0x0000000000000009,7.9
2020-02-02,11:04:03.770,92,8.1,0,0,1,-1024,1,-196,614,3,0,0,316,962,-1,-1,1,-1,-1,-1,1,1,0x0000000000000009,7.9
2020-02-02,11:04:04.270,94,8.1,0,-1,1,-1024,1,-197,614,3,0,0,316,963,-1,-1,0,-1,-1,-1,1,1,0x0000000000000009,7.9
2020-02-02,11:04:04.770,94,8.1,0,-1,1,-1024,1,-196,614,3,0,0,316,962,-1,-1,-1,-1,-1,-1,1,1,0x0000000000000009,7.9
2020-02-02,11:04:05.270,95,8.1,0,-1,1,-1024,1,-196,614,2,0,0,316,962,-1,-1,-1,-1,-1,-1,1,1,0x0000000000000009,7.9
2020-02-02,11:04:05.770,95,8.1,0,-1,1,-1024,1,-196,614,3,0,0,316,962,-1,-1,-1,-1,-1,-1,1,1,0x0000000000000009,7.9
2020-02-02,11:04:06.270,93,8.1,0,0,1,-1024,1,-196,614,3,0,0,316,962,-1,-1,-1,-1,-1,-1,1,1,0x0000000000000009,7.9
2020-02-02,11:04:06.770,92,8.1,0,-1,1,-1024,1,-196,614,3,0,0,317,963,-1,-1,-1,-1,-1,-1,1,1,0x0000000000000009,7.9
2020-02-02,11:04:07.270,92,8.1,0,-1,1,-1024,1,-197,614,3,0,0,316,962,-1,-1,-1,-1,-1,-1,1,1,0x0000000000000009,7.9
2020-02-02,11:04:07.770,91,8.1,0,-1,1,-1024,1,-196,614,2,0,0,316,962,-1,-1,-1,-1,-1,-1,1,1,0x0000000000000009,7.9
2020-02-02,11:04:08.270,89,8.1,0,0,1,-1024,1,-196,614,3,0,0,316,962,-1,-1,-1,-1,-1,-1,1,1,0x0000000000000009,7.9
2020-02-02,11:04:08.770,89,8.1,0,-1,1,-1024,1,-196,614,3,0,0,316,963,-1,-1,-1,-1,-1,-1,1,1,0x0000000000000009,7.9
2020-02-02,11:04:09.270,93,8.1,0,-1,1,-1024,1,-196,614,3,0,0,316,962,-1,-1,-1,-1,-1,-1,1,1,0x0000000000000009,7.9
2020-02-02,11:04:09.770,94,8.1,0,-1,1,-1024,1,-197,614,2,0,0,316,962,-1,-1,-1,-1,-1,-1,1,1,0x0000000000000009,7.9
2020-02-02,11:04:24.030,92,8.1,0,-1,1,-1024,1,-196,614,2,0,0,316,962,-1,-1,-1,-1,-1,-1,1,1,0x0000000000000009,7.9
2020-02-02,11:04:35.580,90,8.1,0,-1,1,-1024,1,-197,614,3,0,0,316,963,-1,-1,-1,-1,-1,-1,1,1,0x0000000000000009,7.9
2020-02-02,11:04:36.070,87,8.1,0,-1,1,-1024,1,-196,614,3,0,0,316,963,-1,-1,-1,-1,-1,-1,1,1,0x0000000000000009,7.9
2020-02-02,11:04:36.570,88,8.1,0,-1,1,-1024,1,-196,614,3,0,0,316,963,-1,-1,-1,-1,-1,-1,1,-1,0x0000000000000009,7.9
2020-02-02,11:04:38.330,94,8.1,0,-1,1,-1024,1,-196,614,3,0,0,316,963,-1,-1,1,-1,-1,-1,1,-1,0x0000000000000009,7.9
2020-02-02,11:04:38.820,93,8.1,0,-1,1,-1024,1,-196,614,3,0,0,316,962,-1,-1,1,-1,-1,-1,1,1,0x0000000000000009,7.9
2020-02-02,11:04:39.320,92,8.1,0,-1,1,-1024,1,-196,614,3,0,0,316,962,-1,-1,1,-1,-1,-1,1,1,0x0000000000000009,7.9
