Date,Time,RSSI(dB),RxBt(V),mAh(mAh),Amps(A),RPM(rpm),Cap(@C),FET(@C),Volt(V),Rud,Ele,Thr,Ail,S1,6P,S2,EX1,EX2,LS,RS,SA,SB,SC,SD,SE,SF,SG,SH,LSW,TxBat(V)
2020-02-08,15:30:00.200,108,8.0,0,0.0,0,10,10,24.71,3,11,-1024,-10,1024,1023,849,0,0,-1024,0,-1,-1,1,-1,-1,-1,1,-1,0x0000000000000009,8.0
2020-02-08,15:30:00.690,107,8.0,0,0.0,0,10,10,24.69,6,11,-241,-10,1024,1023,849,0,0,-1024,0,-1,-1,1,-1,-1,-1,1,-1,0x0000000000000009,8.0
2020-02-08,15:30:01.240,103,8.0,0,0.0,102,10,10,24.69,9,11,-221,-10,1024,1023,849,0,0,-1024,0,-1,-1,1,-1,-1,-1,1,-1,0x0000000000000009,8.0
2020-02-08,15:30:01.740,102,8.0,0,0.0,191,10,10,24.69,8,11,-218,-10,1024,1023,849,0,0,-1024,0,-1,-1,1,-1,-1,-1,1,-1,0x0000000000000009,8.0
2020-02-08,15:30:02.240,97,8.0,0,0.0,235,10,10,24.69,8,11,-218,-10,1024,1023,849,0,0,-1024,0,-1,-1,1,-1,-1,-1,1,-1,0x0000000000000009,8.0
2020-02-08,15:30:02.740,109,8.1,0,0.0,257,10,10,24.69,13,21,-129,-10,1024,1023,849,0,0,-1024,0,-1,-1,1,-1,-1,-1,1,-1,0x0000000000000009,8.0
2020-02-08,15:30:03.240,111,8.1,0,0.0,299,10,10,24.69,9,54,-173,-14,1024,1023,849,0,0,-1024,0,-1,-1,1,-1,-1,-1,1,-1,0x0000000000000009,8.0
2020-02-08,15:30:03.740,109,8.1,0,0.0,318,10,10,24.69,9,10,-173,-12,1024,1023,849,0,0,-1024,0,-1,-1,1,-1,-1,-1,1,-1,0x0000000000000009,8.0
2020-02-08,15:30:04.240,106,8.1,0,0.0,383,11,11,24.58,25,14,-211,-10,1024,1023,849,0,0,-1024,0,-1,-1,1,-1,-1,-1,1,-1,0x0000000000000009,8.0
2020-02-08,15:30:04.740,112,8.1,0,0.0,442,11,11,24.58,9,-2,-251,-10,1024,1023,849,0,0,-1024,0,-1,-1,1,-1,-1,-1,1,-1,0x0000000000000009,8.0
2020-02-08,15:30:05.250,107,8.1,0,0.0,494,12,10,24.58,21,31,-262,-12,1024,1023,849,0,0,-1024,0,-1,-1,1,-1,-1,-1,1,-1,0x0000000000000009,8.0
2020-02-08,15:30:05.750,108,8.0,0,0.0,542,12,11,24.55,11,28,-221,-12,1024,1023,850,0,0,-1024,0,-1,-1,1,-1,-1,-1,1,-1,0x0000000000000009,8.0
2020-02-08,15:30:06.250,105,8.0,0,0.0,584,13,11,24.54,9,14,-221,-10,1024,1023,849,0,0,-1024,0,-1,-1,1,-1,-1,-1,1,-1,0x0000000000000009,8.0
2020-02-08,15:30:06.750,103,8.0,0,0.0,631,13,11,24.54,-57,17,-213,-12,1024,1023,849,0,0,-1024,0,-1,-1,1,-1,-1,-1,1,-1,0x0000000000000009,8.0
2020-02-08,15:30:07.250,107,8.0,0,0.0,669,13,11,24.51,8,13,-197,-10,1024,1023,849,0,0,-1024,0,-1,-1,1,-1,-1,-1,1,-1,0x0000000000000009,8.0
2020-02-08,15:30:07.750,106,8.0,0,1.6,704,14,11,24.53,9,11,-189,-10,1024,1023,849,0,0,-1024,0,-1,-1,1,-1,-1,-1,1,-1,0x0000000000000009,8.0
2020-02-08,15:30:08.250,104,8.0,0,4.8,761,14,11,24.48,8,11,-195,-10,1024,1023,849,0,0,-1024,0,-1,-1,1,-1,-1,-1,1,-1,0x0000000000000009,8.0
2020-02-08,15:30:08.750,105,8.0,0,1.9,812,15,11,24.48,-14,11,-191,-8,1024,1023,849,0,0,-1024,0,-1,-1,1,-1,-1,-1,1,-1,0x0000000000000009,8.0
2020-02-08,15:30:09.260,104,8.0,0,0.0,859,15,11,24.43,8,11,-193,-12,1024,1023,849,0,0,-1024,0,-1,-1,1,-1,-1,-1,1,-1,0x0000000000000009,8.0
2020-02-08,15:30:09.760,107,8.0,1,0.0,907,15,11,24.43,8,21,-175,3,1024,1023,849,0,0,-1024,0,-1,-1,1,-1,-1,-1,1,-1,0x0000000000000009,8.0
2020-02-08,15:30:10.260,105,8.0,1,7.8,992,16,11,24.33,8,27,-166,-10,1024,1023,849,0,0,-1024,0,-1,-1,1,-1,-1,-1,1,-1,0x0000000000000009,8.0
2020-02-08,15:30:10.760,106,8.0,2,7.2,1096,16,11,24.26,9,17,-136,-6,1024,1023,849,0,0,-1024,0,-1,-1,1,-1,-1,-1,1,-1,0x0000000000000009,8.0
2020-02-08,15:30:11.260,106,8.0,4,9.5,1198,16,11,24.19,10,61,-107,7,1024,1023,849,0,0,-1024,0,-1,-1,1,-1,-1,-1,1,-1,0x0000000000000009,8.0
2020-02-08,15:30:11.760,105,8.0,6,14.2,1309,17,11,24.12,11,11,-45,-7,1024,1023,849,0,0,-1024,0,-1,-1,1,-1,-1,-1,1,-1,0x0000000000000009,8.0
2020-02-08,15:30:12.260,104,8.0,8,15.3,1411,18,11,24.05,10,11,-35,-1,1024,1023,849,0,0,-1024,0,-1,-1,1,-1,-1,-1,1,-1,0x0000000000000009,8.0
2020-02-08,15:30:12.770,104,8.0,10,16.5,1534,18,12,23.95,14,11,39,-4,1024,1023,850,0,0,-1024,0,-1,-1,1,-1,-1,-1,1,-1,0x0000000000000009,8.0
2020-02-08,15:30:13.280,106,8.0,13,20.3,1622,18,12,23.89,26,79,61,-10,1024,1023,849,0,0,-1024,0,-1,-1,1,-1,-1,-1,1,-1,0x0000000000000009,8.0
2020-02-08,15:30:13.780,104,8.0,17,20.9,1729,19,12,23.82,52,10,140,39,1024,1023,849,0,0,-1024,0,-1,-1,1,-1,-1,-1,1,-1,0x0000000000000009,8.0
2020-02-08,15:30:14.290,103,8.0,20,20.3,1777,19,12,23.80,17,-10,229,-6,1024,1023,849,0,0,-1024,0,-1,-1,1,-1,-1,-1,1,-1,0x0000000000000009,8.0
2020-02-08,15:30:14.800,104,8.0,23,18.3,1802,19,13,23.84,9,10,322,-12,1024,1023,850,0,0,-1024,0,-1,-1,1,-1,-1,-1,1,-1,0x0000000000000009,8.0
2020-02-08,15:30:15.300,102,8.0,26,16.8,1802,20,12,23.81,9,-20,324,54,1024,1023,849,0,0,-1024,0,-1,-1,1,-1,-1,-1,1,-1,0x0000000000000009,8.0
2020-02-08,15:30:15.810,99,8.0,29,17.7,1798,20,13,23.78,56,-68,306,55,1024,1023,849,0,0,-1024,0,-1,-1,1,-1,-1,-1,1,-1,0x0000000000000009,8.0
2020-02-08,15:30:16.310,102,8.0,32,16.2,1791,20,13,23.77,9,-60,349,-10,1024,1023,849,0,0,-1024,0,-1,-1,1,-1,-1,-1,1,-1,0x0000000000000009,8.0
2020-02-08,15:30:16.820,102,8.0,35,18.9,1789,20,13,23.76,-56,11,301,-12,1024,1023,849,0,0,-1024,0,-1,-1,1,-1,-1,-1,1,-1,0x0000000000000009,8.0
2020-02-08,15:30:17.320,96,8.0,38,19.7,1796,20,13,23.77,-188,44,325,-10,1024,1023,849,0,0,-1024,0,-1,-1,1,-1,-1,-1,1,-1,0x0000000000000009,8.0
2020-02-08,15:30:17.830,96,8.0,41,15.9,1805,21,13,23.73,-159,90,314,43,1024,1023,849,0,0,-1024,0,-1,-1,1,-1,-1,-1,1,-1,0x0000000000000009,8.0
2020-02-08,15:30:18.330,88,8.0,44,16.5,1797,21,13,23.70,-14,-72,297,-6,1024,1023,849,0,0,-1024,0,-1,-1,1,-1,-1,-1,1,-1,0x0000000000000009,8.0
2020-02-08,15:30:18.840,85,8.0,47,18.0,1794,21,13,23.67,77,-43,296,-99,1024,1023,849,0,0,-1024,0,-1,-1,1,-1,-1,-1,1,-1,0x0000000000000009,8.0
2020-02-08,15:30:19.360,90,8.0,50,18.9,1814,21,14,23.56,123,12,269,-10,1024,1023,849,0,0,-1024,0,-1,-1,1,-1,0,-1,1,-1,0x000000000000000A,8.0
2020-02-08,15:30:19.880,86,8.0,54,26.7,1887,22,14,23.49,-14,11,273,-43,1024,1023,849,0,0,-1024,0,-1,-1,1,-1,0,-1,1,-1,0x000000000000000A,8.0
2020-02-08,15:30:20.390,92,8.0,59,27.9,1947,22,14,23.39,-48,-42,281,6,1024,1023,849,0,0,-1024,0,-1,-1,1,-1,0,-1,1,-1,0x000000000000000A,8.0
2020-02-08,15:30:20.900,84,8.0,64,23.5,1974,22,14,23.41,-288,42,261,-27,1024,1023,849,0,0,-1024,0,-1,-1,1,-1,0,-1,1,-1,0x000000000000000A,8.0
2020-02-08,15:30:21.400,86,8.0,68,23.8,2009,22,14,23.46,-391,96,242,-12,1024,1023,849,0,0,-1024,0,-1,-1,1,-1,0,-1,1,-1,0x000000000000000A,8.0
2020-02-08,15:30:21.910,84,8.0,71,24.4,1982,23,14,23.39,112,90,233,36,1024,1023,849,0,0,-1024,0,-1,-1,1,-1,0,-1,1,-1,0x000000000000000A,8.0
2020-02-08,15:30:22.410,88,8.0,75,25.0,1989,23,15,23.39,6,-37,257,-7,1024,1023,849,0,0,-1024,0,-1,-1,1,-1,0,-1,1,-1,0x000000000000000A,8.0
2020-02-08,15:30:22.920,81,8.0,79,21.5,1995,23,14,23.41,10,-56,717,-4,1024,1023,849,0,0,-1024,0,-1,-1,1,-1,0,-1,1,-1,0x000000000000000A,8.0
2020-02-08,15:30:23.420,81,8.0,85,81.9,1827,24,15,21.85,11,3,1024,-90,1024,1023,849,0,0,-1024,0,-1,-1,1,-1,0,-1,1,-1,0x000000000000000A,8.0
2020-02-08,15:30:23.930,75,8.0,97,73.2,1920,24,15,21.91,22,-101,1024,-10,1024,1023,849,0,0,-1024,0,-1,-1,1,-1,0,-1,1,-1,0x000000000000000A,8.0
2020-02-08,15:30:24.440,76,8.0,108,60.9,1959,25,15,22.07,48,-459,1024,-7,1024,1023,849,0,0,-1024,0,-1,-1,1,-1,0,-1,1,-1,0x000000000000000A,8.0
2020-02-08,15:30:24.950,81,8.0,120,83.4,1919,26,15,21.32,9,-629,1017,-4,1024,1023,849,0,0,-1024,0,-1,-1,1,-1,0,-1,1,-1,0x000000000000000A,8.0
2020-02-08,15:30:25.460,86,8.0,135,95.7,2007,28,16,21.11,8,-502,26,-2,1024,1023,849,0,0,-1024,0,-1,-1,1,-1,0,-1,1,-1,0x000000000000000A,8.0
2020-02-08,15:30:25.970,69,8.0,143,26.2,2243,29,16,22.91,3,-261,-294,-12,1024,1023,849,0,0,-1024,0,-1,-1,1,-1,0,-1,1,-1,0x000000000000000A,8.0
2020-02-08,15:30:26.480,72,8.0,147,20.0,2356,30,16,23.09,-743,39,292,-163,1024,1023,849,0,0,-1024,0,-1,-1,1,-1,0,-1,1,-1,0x000000000000000A,8.0
2020-02-08,15:30:26.990,89,8.0,150,20.0,2144,30,17,23.01,-201,191,242,1024,1024,1023,849,0,0,-1024,0,-1,-1,1,-1,0,-1,1,-1,0x000000000000000A,8.0
2020-02-08,15:30:27.500,86,8.0,156,31.1,2053,30,17,22.90,-35,-66,-174,87,1024,1023,849,0,0,-1024,0,-1,-1,1,-1,0,-1,1,-1,0x000000000000000A,8.0
2020-02-08,15:30:28.010,91,8.0,160,29.1,2019,30,17,22.98,-155,-318,-623,5,1024,1023,849,0,0,-1024,0,-1,-1,1,-1,0,-1,1,-1,0x000000000000000A,8.0
2020-02-08,15:30:28.520,91,8.0,165,53.0,1972,30,18,22.36,-59,-201,-487,-144,1024,1023,849,0,0,-1024,0,-1,-1,1,-1,0,-1,1,-1,0x000000000000000A,8.0
2020-02-08,15:30:29.020,91,8.0,173,38.4,1991,30,18,22.64,-96,-273,-585,-54,1024,1023,849,0,0,-1024,0,-1,-1,1,-1,0,-1,1,-1,0x000000000000000A,8.0
2020-02-08,15:30:29.540,83,8.0,180,45.7,1975,30,18,22.45,-69,-318,-586,3,1024,1023,849,0,0,-1024,0,-1,-1,1,-1,0,-1,1,-1,0x000000000000000A,8.0
2020-02-08,15:30:30.040,79,8.0,188,41.9,2005,30,18,22.45,-110,-176,-581,111,1024,1023,849,0,0,-1024,0,-1,-1,1,-1,0,-1,1,-1,0x000000000000000A,8.0
2020-02-08,15:30:30.550,84,8.0,195,48.6,1993,31,19,22.42,-64,-118,-546,109,1024,1023,849,0,0,-1024,0,-1,-1,1,-1,0,-1,1,-1,0x000000000000000A,8.0
2020-02-08,15:30:31.070,83,8.0,202,34.0,2013,31,19,22.60,-59,-62,-508,109,1024,1023,849,0,0,-1024,0,-1,-1,1,-1,0,-1,1,-1,0x000000000000000A,8.0
2020-02-08,15:30:31.570,79,8.0,207,32.3,2004,31,19,22.68,-75,-93,-513,-12,1024,1023,850,0,0,-1024,0,-1,-1,1,-1,0,-1,1,-1,0x000000000000000A,8.0
2020-02-08,15:30:32.080,80,8.0,213,32.6,2015,31,20,22.70,-99,-88,-460,-54,1024,1023,849,0,0,-1024,0,-1,-1,1,-1,0,-1,1,-1,0x000000000000000A,8.0
2020-02-08,15:30:32.590,73,8.0,220,31.1,2013,31,20,22.76,-85,-4,-381,-62,1024,1023,849,0,0,-1024,0,-1,-1,1,-1,0,-1,1,-1,0x000000000000000A,8.0
2020-02-08,15:30:33.100,72,8.0,223,26.4,2029,31,20,22.89,-78,-117,-397,-13,1024,1023,849,0,0,-1024,0,-1,-1,1,-1,0,-1,1,-1,0x000000000000000A,8.0
2020-02-08,15:30:33.610,73,8.0,229,23.5,2001,31,20,22.90,-84,-104,-410,-10,1024,1023,849,0,0,-1024,0,-1,-1,1,-1,0,-1,1,-1,0x000000000000000A,8.0
2020-02-08,15:30:34.120,70,8.0,234,27.6,2008,31,20,22.86,-81,-153,-317,-119,1024,1023,849,0,0,-1024,0,-1,-1,1,-1,0,-1,1,-1,0x000000000000000A,8.0
2020-02-08,15:30:34.640,81,8.0,238,26.2,2010,31,20,22.94,-96,-203,-369,-70,1024,1023,849,0,0,-1024,0,-1,-1,1,-1,0,-1,1,-1,0x000000000000000A,8.0
2020-02-08,15:30:35.150,91,8.0,242,24.1,1988,31,20,22.85,-98,-76,-483,-27,1024,1023,849,0,0,-1024,0,-1,-1,1,-1,0,-1,1,-1,0x000000000000000A,8.0
2020-02-08,15:30:35.650,94,8.0,248,34.6,1977,31,21,22.70,-86,-88,-483,-14,1024,1023,849,0,0,-1024,0,-1,-1,1,-1,0,-1,1,-1,0x000000000000000A,8.0
2020-02-08,15:30:36.170,96,8.0,253,35.5,1985,31,21,22.73,-88,-160,-479,-13,1024,1023,849,0,0,-1024,0,-1,-1,1,-1,0,-1,1,-1,0x000000000000000A,8.0
2020-02-08,15:30:36.680,85,8.0,259,32.6,1986,31,21,22.66,-72,-160,-458,-95,1024,1023,849,0,0,-1024,0,-1,-1,1,-1,0,-1,1,-1,0x000000000000000A,8.0
2020-02-08,15:30:37.190,88,8.0,265,34.3,1990,31,21,22.66,-65,-198,-444,-133,1024,1023,849,0,0,-1024,0,-1,-1,1,-1,0,-1,1,-1,0x000000000000000A,8.0
2020-02-08,15:30:37.700,79,8.0,271,31.1,2000,32,21,22.70,-86,-168,-465,-16,1024,1023,849,0,0,-1024,0,-1,-1,1,-1,0,-1,1,-1,0x000000000000000A,8.0
2020-02-08,15:30:38.210,81,8.0,276,32.3,1989,32,22,22.54,-83,-223,-508,110,1024,1023,849,0,0,-1024,0,-1,-1,1,-1,0,-1,1,-1,0x000000000000000A,8.0
2020-02-08,15:30:38.720,77,8.0,283,40.5,2000,32,22,22.61,-74,-115,-472,12,1024,1023,849,0,0,-1024,0,-1,-1,1,-1,0,-1,1,-1,0x000000000000000A,8.0
2020-02-08,15:30:39.230,82,8.0,289,32.0,2004,32,22,22.69,-76,-119,-468,66,1024,1023,849,0,0,-1024,0,-1,-1,1,-1,0,-1,1,-1,0x000000000000000A,8.0
2020-02-08,15:30:39.740,73,8.0,294,30.5,2007,32,22,22.67,-74,-136,-457,4,1024,1023,849,0,0,-1024,0,-1,-1,1,-1,0,-1,1,-1,0x000000000000000A,8.0
2020-02-08,15:30:40.260,73,8.0,299,29.4,2015,32,22,22.72,-94,-107,-419,-12,1024,1023,849,0,0,-1024,0,-1,-1,1,-1,0,-1,1,-1,0x000000000000000A,8.0
2020-02-08,15:30:40.770,80,8.0,305,30.8,2000,32,23,22.79,-92,-130,-405,-12,1024,1023,849,0,0,-1024,0,-1,-1,1,-1,0,-1,1,-1,0x000000000000000A,8.0
2020-02-08,15:30:41.270,86,8.0,310,23.5,2007,32,23,22.83,-434,-562,245,-12,1024,1023,849,0,0,-1024,0,-1,-1,1,-1,0,-1,1,-1,0x000000000000000A,8.0
2020-02-08,15:30:41.790,85,8.0,314,22.4,2091,33,23,22.96,-463,-68,397,-186,1024,1023,849,0,0,-1024,0,-1,-1,1,-1,0,-1,1,-1,0x000000000000000A,8.0
2020-02-08,15:30:42.300,79,8.0,317,18.0,2163,33,23,23.04,19,593,-706,-61,1024,1023,849,0,0,-1024,0,-1,-1,1,-1,0,-1,1,-1,0x000000000000000A,8.0
2020-02-08,15:30:42.810,81,8.0,322,35.8,1931,32,23,22.80,18,-234,632,52,1024,1023,849,0,0,-1024,0,-1,-1,1,-1,0,-1,1,-1,0x000000000000000A,8.0
2020-02-08,15:30:43.320,89,8.0,328,41.9,1958,32,23,22.56,46,846,-497,-129,1024,1023,849,0,0,-1024,0,-1,-1,1,-1,0,-1,1,-1,0x000000000000000A,8.0
2020-02-08,15:30:43.830,84,8.0,337,58.0,1950,33,24,21.74,101,-571,-419,76,1024,1023,849,0,0,-1024,0,-1,-1,1,-1,0,-1,1,-1,0x000000000000000A,8.0
2020-02-08,15:30:44.350,94,8.0,345,62.1,1959,33,23,22.11,8,915,485,-42,1024,1023,850,0,0,-1024,0,-1,-1,1,-1,0,-1,1,-1,0x000000000000000A,8.0
2020-02-08,15:30:44.860,81,8.0,355,70.0,1956,34,24,21.71,9,-728,670,159,1024,1023,849,0,0,-1024,0,-1,-1,1,-1,0,-1,1,-1,0x000000000000000A,8.0
2020-02-08,15:30:45.370,85,8.0,365,50.4,1994,35,24,22.14,-48,871,-458,-49,1024,1023,849,0,0,-1024,0,-1,-1,1,-1,0,-1,1,-1,0x000000000000000A,8.0
2020-02-08,15:30:45.880,81,8.0,374,64.7,1969,36,24,21.82,9,-749,446,33,1024,1023,850,0,0,-1024,0,-1,-1,1,-1,0,-1,1,-1,0x000000000000000A,8.0
2020-02-08,15:30:46.390,87,8.0,382,30.8,2074,36,24,22.46,-926,352,-250,-502,1024,1023,849,0,0,-1024,0,-1,-1,1,-1,0,-1,1,-1,0x000000000000000A,8.0
2020-02-08,15:30:46.900,87,8.0,387,44.8,1990,37,25,22.16,-91,653,172,-58,1024,1023,849,0,0,-1024,0,-1,-1,1,-1,0,-1,1,-1,0x000000000000000A,8.0
2020-02-08,15:30:47.420,86,8.0,395,41.6,2025,37,25,22.29,89,324,258,-245,1024,1023,849,0,0,-1024,0,-1,-1,1,-1,0,-1,1,-1,0x000000000000000A,8.0
2020-02-08,15:30:47.930,86,8.0,401,34.6,2010,37,27,22.42,62,-503,907,246,1024,1023,849,0,0,-1024,0,-1,-1,1,-1,0,-1,1,-1,0x000000000000000A,8.0
2020-02-08,15:30:48.440,90,8.0,412,82.8,1905,37,26,21.12,11,-300,1024,-10,1024,1023,849,0,0,-1024,0,-1,-1,1,-1,0,-1,1,-1,0x000000000000000A,8.0
2020-02-08,15:30:48.940,89,8.0,425,74.9,2018,38,26,21.78,9,-287,481,92,1024,1023,849,0,0,-1024,0,-1,-1,1,-1,0,-1,1,-1,0x000000000000000A,8.0
2020-02-08,15:30:49.460,84,8.0,431,38.1,2012,39,26,22.26,-10,9,-846,-14,1024,1023,849,0,0,-1024,0,-1,-1,1,-1,0,-1,1,-1,0x000000000000000A,8.0
2020-02-08,15:30:49.970,89,8.0,442,81.3,1942,39,26,21.21,-55,10,-1024,119,1024,1023,849,0,0,-1024,0,-1,-1,1,-1,0,-1,1,-1,0x000000000000000A,8.0
2020-02-08,15:30:50.510,92,8.0,455,74.3,1989,40,27,21.44,9,-402,-1024,-62,1024,1023,849,0,0,-1024,0,-1,-1,1,-1,0,-1,1,-1,0x000000000000000A,8.0
2020-02-08,15:30:51.040,88,8.0,468,43.1,2056,41,27,21.99,9,-558,-1024,21,1024,1023,849,0,0,-1024,0,-1,-1,1,-1,0,-1,1,-1,0x000000000000000A,8.0
2020-02-08,15:30:51.560,78,8.0,477,64.4,1966,41,27,21.61,41,-782,-608,9,1024,1023,849,0,0,-1024,0,-1,-1,1,-1,0,-1,1,-1,0x000000000000000A,8.0
2020-02-08,15:30:52.070,78,8.0,488,43.1,2045,42,27,21.54,9,-312,-211,-45,1024,1023,849,0,0,-1024,0,-1,-1,1,-1,0,-1,1,-1,0x000000000000000A,8.0
2020-02-08,15:30:52.580,82,8.0,493,26.7,2147,42,28,22.47,9,-389,-272,-14,1024,1023,849,0,0,-1024,0,-1,-1,1,-1,0,-1,1,-1,0x000000000000000A,8.0
2020-02-08,15:30:53.100,85,8.0,497,23.2,2124,42,28,22.54,9,-39,-362,-26,1024,1023,849,0,0,-1024,0,-1,-1,1,-1,0,-1,1,-1,0x000000000000000A,8.0
2020-02-08,15:30:53.610,86,8.0,501,24.7,2070,42,29,22.57,9,-79,-387,-47,1024,1023,849,0,0,-1024,0,-1,-1,1,-1,0,-1,1,-1,0x000000000000000A,8.0
2020-02-08,15:30:54.120,85,8.0,506,22.9,2025,41,29,22.54,8,-144,-662,-19,1024,1023,849,0,0,-1024,0,-1,-1,1,-1,0,-1,1,-1,0x000000000000000A,8.0
2020-02-08,15:30:54.630,76,8.0,513,51.9,1913,41,29,21.52,10,134,-833,-135,1024,1023,849,0,0,-1024,0,-1,-1,1,-1,0,-1,1,-1,0x000000000000000A,8.0
2020-02-08,15:30:55.140,77,8.0,524,47.8,1980,41,29,21.82,-16,892,-736,-94,1024,1023,849,0,0,-1024,0,-1,-1,1,-1,0,-1,1,-1,0x000000000000000A,8.0
2020-02-08,15:30:55.650,88,8.0,536,74.9,1928,42,29,21.25,-7,869,-142,-150,1024,1023,849,0,0,-1024,0,-1,-1,1,-1,0,-1,1,-1,0x000000000000000A,8.0
2020-02-08,15:30:56.160,74,8.0,544,47.2,2036,42,29,22.25,-19,237,-377,-42,1024,1023,849,0,0,-1024,0,-1,-1,1,-1,0,-1,1,-1,0x000000000000000A,8.0
2020-02-08,15:30:56.680,80,7.9,551,55.4,1987,43,30,21.77,-857,302,-557,411,1024,1023,849,0,0,-1024,0,-1,-1,1,-1,0,-1,1,-1,0x000000000000000A,8.0
2020-02-08,15:30:57.190,84,7.9,557,28.5,2046,43,30,22.42,-825,11,346,-286,1024,1023,849,0,0,-1024,0,-1,-1,1,-1,0,-1,1,-1,0x000000000000000A,8.0
2020-02-08,15:30:57.700,81,7.9,562,36.4,1986,43,30,22.28,-329,454,812,45,1024,1023,849,0,0,-1024,0,-1,-1,1,-1,0,-1,1,-1,0x000000000000000A,8.0
2020-02-08,15:30:58.210,87,8.0,571,72.9,1927,43,30,21.57,-69,299,592,598,1024,1023,849,0,0,-1024,0,-1,-1,1,-1,0,-1,1,-1,0x000000000000000A,8.0
2020-02-08,15:30:58.730,83,8.0,579,27.0,2066,43,30,22.38,-68,12,207,-27,1024,1023,849,0,0,-1024,0,-1,-1,1,-1,0,-1,1,-1,0x000000000000000A,8.0
2020-02-08,15:30:59.240,78,8.0,584,22.1,2138,43,31,22.56,-280,-251,38,132,1024,1023,849,0,0,-1024,0,-1,-1,1,-1,0,-1,1,-1,0x000000000000000A,8.0
2020-02-08,15:30:59.760,79,8.0,588,21.2,2149,43,31,22.64,-121,-136,-17,-130,1024,1023,849,0,0,-1024,0,-1,-1,1,-1,1,-1,1,-1,0x000000000000000C,8.0
2020-02-08,15:31:00.290,89,8.0,591,19.4,2124,43,31,22.69,-75,-169,-96,-151,1024,1023,849,0,0,-1024,0,-1,-1,1,-1,1,-1,1,-1,0x000000000000000C,8.0
2020-02-08,15:31:00.820,84,8.0,594,28.2,2144,42,31,22.61,-88,-153,-26,-13,1024,1023,849,0,0,-1024,0,-1,-1,1,-1,1,-1,1,-1,0x000000000000000C,8.0
2020-02-08,15:31:01.350,80,8.0,599,33.5,2194,42,32,22.51,-36,-145,-54,-2,1024,1023,849,0,0,-1024,0,-1,-1,1,-1,1,-1,1,-1,0x000000000000000C,8.0
2020-02-08,15:31:01.880,81,8.0,606,30.5,2264,41,32,22.56,-52,-112,-69,-26,1024,1023,850,0,0,-1024,0,-1,-1,1,-1,1,-1,1,-1,0x000000000000000C,8.0
2020-02-08,15:31:02.400,85,8.0,611,34.9,2275,41,32,22.59,-355,-232,-610,-91,1024,1023,849,0,0,-1024,0,-1,-1,1,-1,1,-1,1,-1,0x000000000000000C,8.0
2020-02-08,15:31:02.910,92,8.0,620,86.6,2177,41,32,21.70,-591,-34,-141,318,1024,1023,849,0,0,-1024,0,-1,-1,1,-1,1,-1,1,-1,0x000000000000000C,8.0
2020-02-08,15:31:03.420,90,8.0,629,46.3,2299,41,32,22.37,-195,-266,-100,-13,1024,1023,849,0,0,-1024,0,-1,-1,1,-1,1,-1,1,-1,0x000000000000000C,8.0
2020-02-08,15:31:03.940,92,8.0,637,78.1,2167,41,32,20.97,-639,589,309,1024,1024,1023,849,0,0,-1024,0,-1,-1,1,-1,1,-1,1,-1,0x000000000000000C,8.0
2020-02-08,15:31:04.450,91,8.0,653,84.6,2276,41,32,20.94,-146,-337,70,144,1024,1023,849,0,0,-1024,0,-1,-1,1,-1,1,-1,1,-1,0x000000000000000C,8.0
2020-02-08,15:31:04.960,95,8.0,665,87.2,2203,42,33,21.00,-980,789,138,-883,1024,1023,850,0,0,-1024,0,-1,-1,1,-1,1,-1,1,-1,0x000000000000000C,8.0
2020-02-08,15:31:05.470,94,8.0,681,95.1,2324,43,33,20.85,-967,-208,904,-173,1024,1023,849,0,0,-1024,0,-1,-1,1,-1,1,-1,1,-1,0x000000000000000C,8.0
2020-02-08,15:31:05.990,96,8.0,695,50.1,2295,43,33,21.62,-463,-687,324,545,1024,1023,849,0,0,-1024,0,-1,-1,1,-1,1,-1,1,-1,0x000000000000000C,8.0
2020-02-08,15:31:06.500,83,7.9,709,106.2,2274,44,33,20.63,4,-805,668,101,1024,1023,849,0,0,-1024,0,-1,-1,1,-1,1,-1,1,-1,0x000000000000000C,8.0
2020-02-08,15:31:07.000,85,7.9,721,78.1,2346,44,33,21.01,6,-870,-694,-8,1024,1023,849,0,0,-1024,0,-1,-1,1,-1,1,-1,1,-1,0x000000000000000C,8.0
2020-02-08,15:31:07.520,83,7.9,738,85.1,2323,45,33,20.65,151,-783,200,22,1024,1023,849,0,0,-1024,0,-1,-1,1,-1,1,-1,1,-1,0x000000000000000C,8.0
2020-02-08,15:31:08.030,71,8.0,750,80.5,2307,45,34,20.98,8,-903,-89,-10,1024,1023,849,0,0,-1024,0,-1,-1,1,-1,1,-1,1,-1,0x000000000000000C,8.0
2020-02-08,15:31:08.540,85,8.0,762,54.8,2368,46,34,21.43,8,-28,-461,-12,1024,1023,849,0,0,-1024,0,-1,-1,1,-1,1,-1,1,-1,0x000000000000000C,8.0
2020-02-08,15:31:09.050,81,8.0,774,132.7,2195,46,34,20.05,-39,-9,-1024,-12,1024,1023,849,0,0,-1024,0,-1,-1,1,-1,1,-1,1,-1,0x000000000000000C,8.0
2020-02-08,15:31:09.570,87,8.0,795,97.1,2284,46,34,20.47,8,-156,-1024,-13,1024,1023,849,0,0,-1024,0,-1,-1,1,-1,1,-1,1,-1,0x000000000000000C,8.0
2020-02-08,15:31:10.080,87,8.0,810,60.3,2341,47,34,20.75,-799,10,-1024,-12,1024,1023,849,0,0,-1024,0,-1,-1,1,-1,1,-1,1,-1,0x000000000000000C,8.0
2020-02-08,15:31:10.590,87,8.0,824,74.6,2319,48,35,20.71,-98,162,-823,-16,1024,1023,849,0,0,-1024,0,-1,-1,1,-1,1,-1,1,-1,0x000000000000000C,8.0
2020-02-08,15:31:11.110,81,8.0,836,88.7,2279,48,35,20.78,-21,340,-725,-10,1024,1023,849,0,0,-1024,0,-1,-1,1,-1,1,-1,1,-1,0x000000000000000C,8.0
2020-02-08,15:31:11.620,80,8.0,852,93.6,2286,48,35,20.45,-10,588,-672,-18,1024,1023,849,0,0,-1024,0,-1,-1,1,-1,1,-1,1,-1,0x000000000000000C,8.0
2020-02-08,15:31:12.130,72,8.0,869,103.5,2271,49,35,20.30,2,426,-758,-14,1024,1023,849,0,0,-1024,0,-1,-1,1,-1,1,-1,1,-1,0x000000000000000C,8.0
2020-02-08,15:31:12.640,71,8.0,887,103.8,2313,49,35,20.21,-19,-64,-746,-24,1024,1023,849,0,0,-1024,0,-1,-1,1,-1,1,-1,1,-1,0x000000000000000C,8.0
2020-02-08,15:31:13.160,78,8.0,899,33.2,2459,50,36,21.45,-23,-276,-648,37,1024,1023,849,0,0,-1024,0,-1,-1,1,-1,1,-1,1,-1,0x000000000000000C,8.0
2020-02-08,15:31:13.670,84,8.0,902,1.9,2734,50,36,22.30,-61,4,-387,67,1024,1023,849,0,0,-1024,0,-1,-1,1,-1,1,-1,1,-1,0x000000000000000C,8.0
2020-02-08,15:31:14.180,79,8.0,903,9.5,2620,49,36,22.34,-806,99,1024,4,1024,1023,849,0,0,-1024,0,-1,-1,1,-1,1,-1,1,-1,0x000000000000000C,8.0
2020-02-08,15:31:14.690,86,8.0,909,72.6,2293,49,36,21.09,-344,-179,242,856,1024,1023,849,0,0,-1024,0,-1,-1,1,-1,1,-1,1,-1,0x000000000000000C,8.0
2020-02-08,15:31:15.200,86,7.9,926,105.0,2191,49,36,20.64,-130,18,989,-13,1024,1023,849,0,0,-1024,0,-1,-1,1,-1,1,-1,1,-1,0x000000000000000C,8.0
2020-02-08,15:31:15.710,82,7.9,944,107.6,2278,49,36,20.49,-12,-357,1024,-15,1024,1023,849,0,0,-1024,0,-1,-1,1,-1,1,-1,1,-1,0x000000000000000C,8.0
2020-02-08,15:31:16.240,83,7.9,954,91.6,2297,49,36,20.76,6,-191,514,110,1024,1023,850,0,0,-1024,0,-1,-1,1,-1,1,-1,1,-1,0x000000000000000C,8.0
2020-02-08,15:31:16.780,81,8.0,964,21.5,2458,50,37,21.72,5,374,-549,-61,1024,1023,849,0,0,-1024,0,-1,-1,1,-1,1,-1,1,-1,0x000000000000000C,8.0
2020-02-08,15:31:17.300,80,8.0,976,117.6,2227,50,37,20.43,-37,696,-690,-12,1024,1023,849,0,0,-1024,0,-1,-1,1,-1,1,-1,1,-1,0x000000000000000C,8.0
2020-02-08,15:31:17.810,74,8.0,997,140.9,2228,50,37,20.00,6,246,-843,-13,1024,1023,849,0,0,-1024,0,-1,-1,1,-1,1,-1,1,-1,0x000000000000000C,8.0
2020-02-08,15:31:18.330,73,8.0,1015,41.9,2518,51,37,21.48,6,-142,-6,67,1024,1023,849,0,0,-1024,0,-1,-1,1,-1,1,-1,1,-1,0x000000000000000C,8.0
2020-02-08,15:31:18.850,75,8.0,1018,36.4,2364,51,37,21.70,9,124,308,1024,1024,1023,849,0,0,-1024,0,-1,-1,1,-1,1,-1,1,-1,0x000000000000000C,8.0
2020-02-08,15:31:19.360,85,8.0,1027,48.1,2370,51,37,21.61,-536,547,-812,-300,1024,1023,849,0,0,-1024,0,-1,-1,1,-1,1,-1,1,-1,0x000000000000000C,8.0
2020-02-08,15:31:19.880,91,8.0,1041,102.1,2290,51,38,20.52,-821,-58,-435,273,1024,1023,849,0,0,-1024,0,-1,-1,1,-1,1,-1,1,-1,0x000000000000000C,8.0
2020-02-08,15:31:20.400,85,7.9,1050,56.2,2314,51,38,21.46,-208,12,74,935,1024,1023,850,0,0,-1024,0,-1,-1,1,-1,1,-1,1,-1,0x000000000000000C,8.0
2020-02-08,15:31:20.910,85,7.9,1061,27.6,2369,51,38,21.35,-154,543,-189,-440,1024,1023,849,0,0,-1024,0,-1,-1,1,-1,1,-1,1,-1,0x000000000000000C,8.0
2020-02-08,15:31:21.430,88,7.9,1070,65.3,2303,51,38,21.07,-144,738,-720,-14,1024,1023,849,0,0,-1024,0,-1,-1,1,-1,1,-1,1,-1,0x000000000000000C,8.0
2020-02-08,15:31:21.950,88,8.0,1082,84.3,2277,51,38,20.82,61,783,-348,-54,1024,1023,849,0,0,-1024,0,-1,-1,1,-1,1,-1,1,-1,0x000000000000000C,8.0
2020-02-08,15:31:22.470,86,8.0,1096,82.8,2267,51,38,20.60,9,789,-402,-59,1024,1023,849,0,0,-1024,0,-1,-1,1,-1,1,-1,1,-1,0x000000000000000C,8.0
2020-02-08,15:31:22.990,79,7.9,1116,91.3,2291,51,38,20.61,111,875,17,-30,1024,1023,849,0,0,-1024,0,-1,-1,1,-1,1,-1,1,-1,0x000000000000000C,8.0
2020-02-08,15:31:23.510,90,7.9,1135,93.6,2290,52,38,20.37,49,952,-90,-142,1024,1023,849,0,0,-1024,0,-1,-1,1,-1,1,-1,1,-1,0x000000000000000C,8.0
2020-02-08,15:31:24.030,91,7.9,1153,98.9,2287,52,38,20.13,69,997,-311,-14,1024,1023,849,0,0,-1024,0,-1,-1,1,-1,1,-1,1,-1,0x000000000000000C,8.0
2020-02-08,15:31:24.540,86,7.9,1171,92.7,2315,53,39,20.15,-59,835,-762,-162,1024,1023,849,0,0,-1024,0,-1,-1,1,-1,1,-1,1,-1,0x000000000000000C,8.0
2020-02-08,15:31:25.060,95,7.9,1190,118.1,2261,54,39,20.04,-121,517,-804,-13,1024,1023,849,0,0,-1024,0,-1,-1,1,-1,1,-1,1,-1,0x000000000000000C,8.0
2020-02-08,15:31:25.580,85,8.0,1209,112.0,2279,54,39,20.04,-36,596,-720,-91,1024,1023,849,0,0,-1024,0,-1,-1,1,-1,1,-1,1,-1,0x000000000000000C,8.0
2020-02-08,15:31:26.100,92,8.0,1222,78.7,2315,55,39,20.50,-47,631,-780,-121,1024,1023,849,0,0,-1024,0,-1,-1,1,-1,1,-1,1,-1,0x000000000000000C,8.0
2020-02-08,15:31:26.620,91,8.0,1238,96.8,2272,55,39,20.41,-81,741,-751,-41,1024,1023,849,0,0,-1024,0,-1,-1,1,-1,1,-1,1,-1,0x000000000000000C,8.0
2020-02-08,15:31:27.130,86,8.0,1256,98.3,2301,56,39,20.37,-25,896,-503,-60,1024,1023,849,0,0,-1024,0,-1,-1,1,-1,1,-1,1,-1,0x000000000000000C,8.0
2020-02-08,15:31:27.660,85,8.0,1274,119.0,2281,56,40,20.14,-95,854,-763,-111,1024,1023,849,0,0,-1024,0,-1,-1,1,-1,1,-1,1,-1,0x000000000000000C,8.0
2020-02-08,15:31:28.170,87,8.0,1294,107.3,2331,56,40,20.22,-108,726,-744,-135,1024,1023,849,0,0,-1024,0,-1,-1,1,-1,1,-1,1,-1,0x000000000000000C,8.0
2020-02-08,15:31:28.690,93,8.0,1310,88.7,2325,57,40,20.28,-96,877,-731,-12,1024,1023,849,0,0,-1024,0,-1,-1,1,-1,1,-1,1,-1,0x000000000000000C,8.0
2020-02-08,15:31:29.210,91,8.0,1327,136.8,2270,57,40,19.79,-89,603,-777,-29,1024,1023,849,0,0,-1024,0,-1,-1,1,-1,1,-1,1,-1,0x000000000000000C,8.0
2020-02-08,15:31:29.730,94,8.0,1344,112.6,2309,58,40,20.06,-64,565,-771,-163,1024,1023,849,0,0,-1024,0,-1,-1,1,-1,1,-1,1,-1,0x000000000000000C,8.0
2020-02-08,15:31:30.250,93,8.0,1364,109.7,2275,59,41,20.08,-92,496,-769,-168,1024,1023,850,0,0,-1024,0,-1,-1,1,-1,1,-1,1,-1,0x000000000000000C,8.0
2020-02-08,15:31:30.770,91,8.0,1387,99.5,2315,59,41,20.25,-110,586,-796,-135,1024,1023,849,0,0,-1024,0,-1,-1,1,-1,1,-1,1,-1,0x000000000000000C,8.0
2020-02-08,15:31:31.290,94,8.0,1402,92.2,2296,59,41,20.26,-17,164,-691,-98,1024,1023,850,0,0,-1024,0,-1,-1,1,-1,1,-1,1,-1,0x000000000000000C,8.0
2020-02-08,15:31:31.810,90,8.0,1423,110.6,2311,59,41,20.11,11,-782,94,50,1024,1023,849,0,0,-1024,0,-1,-1,1,-1,1,-1,1,-1,0x000000000000000C,8.0
2020-02-08,15:31:32.330,79,8.0,1442,121.7,2273,60,41,20.03,-1024,16,-747,-182,1024,1023,849,0,0,-1024,0,-1,-1,1,-1,1,-1,1,-1,0x000000000000000C,8.0
2020-02-08,15:31:32.860,85,7.9,1455,68.5,2353,60,42,20.64,-263,335,619,68,1024,1023,849,0,0,-1024,0,-1,-1,1,-1,1,-1,1,-1,0x000000000000000C,8.0
2020-02-08,15:31:33.410,87,7.9,1470,93.3,2259,60,42,20.29,-43,-54,-41,228,1024,1023,849,0,0,-1024,0,-1,-1,1,-1,1,-1,1,-1,0x000000000000000C,8.0
2020-02-08,15:31:33.930,83,7.9,1480,31.7,2423,60,42,21.34,-190,-520,-62,198,1024,1023,849,0,0,-1024,0,-1,-1,1,-1,1,-1,1,-1,0x000000000000000C,8.0
2020-02-08,15:31:34.450,80,8.0,1486,74.0,2283,60,42,21.00,-1024,718,-6,-829,1024,1023,849,0,0,-1024,0,-1,-1,1,-1,1,-1,1,-1,0x000000000000000C,8.0
2020-02-08,15:31:34.970,89,8.0,1497,42.2,2354,60,42,21.26,-996,104,631,-808,1024,1023,849,0,0,-1024,0,-1,-1,1,-1,1,-1,1,-1,0x000000000000000C,8.0
2020-02-08,15:31:35.490,89,8.0,1507,80.8,2235,60,42,20.75,-190,20,164,213,1024,1023,849,0,0,-1024,0,-1,-1,1,-1,1,-1,1,-1,0x000000000000000C,8.0
2020-02-08,15:31:36.010,92,8.0,1520,48.6,2353,59,42,21.27,-114,-590,-138,199,1024,1023,850,0,0,-1024,0,-1,-1,1,-1,1,-1,1,-1,0x000000000000000C,8.0
2020-02-08,15:31:36.530,86,8.0,1531,66.2,2268,59,42,20.97,-1024,715,90,-794,1024,1023,849,0,0,-1024,0,-1,-1,1,-1,1,-1,1,-1,0x000000000000000C,8.0
2020-02-08,15:31:37.050,88,8.0,1540,61.5,2318,59,43,21.32,-252,-314,-75,112,1024,1023,849,0,0,-1024,0,-1,-1,1,-1,1,-1,1,-1,0x000000000000000C,8.0
2020-02-08,15:31:37.570,84,8.0,1552,76.7,2200,59,43,20.15,-4,-588,299,117,1024,1023,849,0,0,-1024,0,-1,-1,1,-1,1,-1,1,-1,0x000000000000000C,8.0
2020-02-08,15:31:38.090,85,8.0,1567,96.5,2258,59,43,21.10,8,11,105,-13,1024,1023,849,0,0,-1024,0,-1,-1,1,-1,1,-1,1,-1,0x000000000000000C,8.0
2020-02-08,15:31:38.610,87,8.0,1574,52.1,2313,59,43,21.38,-22,-531,400,210,1024,1023,849,0,0,-1024,0,-1,-1,1,-1,1,-1,1,-1,0x000000000000000C,8.0
2020-02-08,15:31:39.130,88,8.0,1583,71.7,2277,59,43,21.24,-1024,93,-686,-1024,1024,1023,849,0,0,-1024,0,-1,-1,1,-1,1,-1,1,-1,0x000000000000000C,8.0
2020-02-08,15:31:39.650,88,8.0,1596,50.1,2304,59,43,21.14,-345,-216,-97,214,1024,1023,849,0,0,-1024,0,-1,-1,1,-1,1,-1,1,-1,0x000000000000000C,8.0
2020-02-08,15:31:40.170,93,8.0,1604,30.2,2332,59,43,21.54,10,-546,826,289,1024,1023,849,0,0,-1024,0,-1,-1,1,-1,1,-1,1,-1,0x000000000000000C,8.0
2020-02-08,15:31:40.700,88,8.0,1617,94.8,2245,59,43,20.74,-10,-436,65,-60,1024,1023,849,0,0,-1024,0,-1,-1,1,-1,1,-1,1,-1,0x000000000000000C,8.0
2020-02-08,15:31:41.220,81,8.0,1628,24.4,2365,59,43,21.51,-25,-321,-6,176,1024,1023,849,0,0,-1024,0,-1,-1,1,-1,1,-1,1,-1,0x000000000000000C,8.0
2020-02-08,15:31:41.730,84,8.0,1633,49.5,2312,59,43,21.46,-520,-1024,-1024,50,1024,1023,849,0,0,-1024,0,-1,-1,1,-1,1,-1,1,-1,0x000000000000000C,8.0
2020-02-08,15:31:42.250,85,8.0,1649,73.2,2307,59,44,20.87,-810,-10,46,252,1024,1023,849,0,0,-1024,0,-1,-1,1,-1,1,-1,1,-1,0x000000000000000C,8.0
2020-02-08,15:31:42.780,89,8.0,1656,46.0,2314,59,44,21.36,-31,-230,27,6,1024,1023,850,0,0,-1024,0,-1,-1,1,-1,1,-1,1,-1,0x000000000000000C,8.0
2020-02-08,15:31:43.300,89,8.0,1667,31.4,2324,59,44,21.59,6,-864,691,46,1024,1023,850,0,0,-1024,0,-1,-1,1,-1,1,-1,1,-1,0x000000000000000C,8.0
2020-02-08,15:31:43.820,91,8.0,1685,90.4,2277,59,44,20.47,10,10,31,-12,1024,1023,849,0,0,-1024,0,-1,-1,1,-1,1,-1,1,-1,0x000000000000000C,8.0
2020-02-08,15:31:44.340,83,8.0,1691,22.4,2375,59,44,21.74,-35,-240,66,51,1024,1023,849,0,0,-1024,0,-1,-1,1,-1,1,-1,1,-1,0x000000000000000C,8.0
2020-02-08,15:31:44.860,89,8.0,1696,35.2,2345,59,44,21.68,1,-284,-102,105,1024,1023,849,0,0,-1024,0,-1,-1,1,-1,1,-1,1,-1,0x000000000000000C,8.0
2020-02-08,15:31:45.380,99,8.0,1707,139.5,2183,59,44,20.43,-1024,542,-95,-679,1024,1023,850,0,0,-1024,0,-1,-1,1,-1,1,-1,1,-1,0x000000000000000C,8.0
2020-02-08,15:31:45.900,81,8.0,1719,38.1,2319,59,44,21.52,-268,-312,30,244,1024,1023,849,0,0,-1024,0,-1,-1,1,-1,1,-1,1,-1,0x000000000000000C,8.0
2020-02-08,15:31:46.420,92,8.0,1726,36.1,2325,59,44,21.57,6,-854,754,261,1024,1023,849,0,0,-1024,0,-1,-1,1,-1,1,-1,1,-1,0x000000000000000C,8.0
2020-02-08,15:31:46.940,88,8.0,1740,73.2,2269,59,44,21.02,4,-513,99,-245,1024,1023,849,0,0,-1024,0,-1,-1,1,-1,1,-1,1,-1,0x000000000000000C,8.0
2020-02-08,15:31:47.460,77,8.0,1751,28.5,2362,59,45,21.62,-38,-4,37,-14,1024,1023,849,0,0,-1024,0,-1,-1,1,-1,1,-1,1,-1,0x000000000000000C,8.0
2020-02-08,15:31:47.980,75,8.0,1756,30.0,2330,59,45,21.67,-75,-481,-299,99,1024,1023,849,0,0,-1024,0,-1,-1,1,-1,1,-1,1,-1,0x000000000000000C,8.0
2020-02-08,15:31:48.500,88,8.0,1767,140.0,2221,59,45,20.31,-1024,442,133,-394,1024,1023,849,0,0,-1024,0,-1,-1,1,-1,1,-1,1,-1,0x000000000000000C,8.0
2020-02-08,15:31:49.020,91,8.0,1779,40.5,2321,59,45,21.49,-310,-289,90,101,1024,1023,849,0,0,-1024,0,-1,-1,1,-1,1,-1,1,-1,0x000000000000000C,8.0
2020-02-08,15:31:49.540,91,8.0,1789,47.5,2328,59,45,21.55,-1024,70,892,-154,1024,1023,849,0,0,-1024,0,-1,-1,1,-1,1,-1,1,-1,0x000000000000000C,8.0
2020-02-08,15:31:50.070,86,8.0,1803,76.1,2238,59,45,21.01,-241,48,199,82,1024,1023,849,0,0,-1024,0,-1,-1,1,-1,1,-1,1,-1,0x000000000000000C,8.0
2020-02-08,15:31:50.590,76,8.0,1812,18.6,2353,59,45,21.67,-71,215,309,-98,1024,1023,849,0,0,-1024,0,-1,-1,1,-1,-1,-1,1,-1,0x0000000000000009,8.0
2020-02-08,15:31:51.130,83,8.0,1818,47.8,2221,59,45,21.52,8,90,323,-14,1024,1023,849,0,0,-1024,0,-1,-1,1,-1,-1,-1,1,-1,0x0000000000000009,8.0
2020-02-08,15:31:51.660,82,8.0,1824,29.1,2185,59,45,21.80,9,52,295,-12,1024,1023,849,0,0,-1024,0,-1,-1,1,-1,-1,-1,1,-1,0x0000000000000009,8.0
2020-02-08,15:31:52.180,84,8.0,1829,43.7,1976,58,45,21.46,3,-2,204,370,1024,1023,849,0,0,-1024,0,-1,-1,1,-1,-1,-1,1,-1,0x0000000000000009,8.0
2020-02-08,15:31:52.700,93,8.0,1835,18.9,2011,58,46,21.92,-104,-210,-322,-22,1024,1023,849,0,0,-1024,0,-1,-1,1,-1,-1,-1,1,-1,0x0000000000000009,8.0
2020-02-08,15:31:53.220,84,8.0,1838,21.5,1987,58,45,21.97,-176,-192,-260,-27,1024,1023,849,0,0,-1024,0,-1,-1,1,-1,-1,-1,1,-1,0x0000000000000009,8.0
2020-02-08,15:31:53.740,78,8.0,1841,19.1,1955,58,46,22.00,-222,-334,-299,-15,1024,1023,849,0,0,-1024,0,-1,-1,1,-1,-1,-1,1,-1,0x0000000000000009,8.0
2020-02-08,15:31:54.270,84,8.0,1845,19.4,1891,57,46,22.01,-185,-22,-259,-157,1024,1023,849,0,0,-1024,0,-1,-1,1,-1,-1,-1,1,-1,0x0000000000000009,8.0
2020-02-08,15:31:54.790,87,8.0,1849,17.7,1849,57,46,22.08,-145,-101,-251,-118,1024,1023,849,0,0,-1024,0,-1,-1,1,-1,-1,-1,1,-1,0x0000000000000009,8.0
2020-02-08,15:31:55.310,80,8.0,1852,15.1,1829,57,46,22.10,-131,-170,-294,-101,1024,1023,849,0,0,-1024,0,-1,-1,1,-1,-1,-1,1,-1,0x0000000000000009,8.0
2020-02-08,15:31:55.830,91,8.0,1854,15.9,1803,56,46,22.12,-151,-58,-277,-249,1024,1023,849,0,0,-1024,0,-1,-1,1,-1,-1,-1,1,-1,0x0000000000000009,8.0
2020-02-08,15:31:56.350,85,8.0,1858,18.3,1795,56,46,22.12,-206,-243,-304,-303,1024,1023,849,0,0,-1024,0,-1,-1,1,-1,-1,-1,1,-1,0x0000000000000009,8.0
2020-02-08,15:31:56.870,94,8.0,1861,19.4,1770,56,46,22.10,-206,-99,-292,-324,1024,1023,849,0,0,-1024,0,-1,-1,1,-1,-1,-1,1,-1,0x0000000000000009,8.0
2020-02-08,15:31:57.400,77,8.0,1865,24.1,1754,56,46,22.03,-297,-296,-565,-147,1024,1023,849,0,0,-1024,0,-1,-1,1,-1,-1,-1,1,-1,0x0000000000000009,8.0
2020-02-08,15:31:57.920,91,8.0,1870,26.2,1772,56,46,22.06,-94,55,-151,-169,1024,1023,849,0,0,-1024,0,-1,-1,1,-1,-1,-1,1,-1,0x0000000000000009,8.0
2020-02-08,15:31:58.440,91,8.0,1874,25.6,1832,56,46,22.10,-128,8,-301,-162,1024,1023,849,0,0,-1024,0,-1,-1,1,-1,-1,-1,1,-1,0x0000000000000009,8.0
2020-02-08,15:31:58.960,89,8.0,1878,20.0,1833,56,46,22.13,-215,-91,-215,-250,1024,1023,849,0,0,-1024,0,-1,-1,1,-1,-1,-1,1,-1,0x0000000000000009,8.0
2020-02-08,15:31:59.480,84,8.0,1881,20.9,1821,56,46,22.18,-310,-118,-230,-429,1024,1023,849,0,0,-1024,0,-1,-1,1,-1,-1,-1,1,-1,0x0000000000000009,8.0
2020-02-08,15:32:00.030,92,8.0,1885,24.1,1776,56,46,22.12,-272,-264,-334,-342,1024,1023,849,0,0,-1024,0,-1,-1,1,-1,-1,-1,1,-1,0x0000000000000009,8.0
2020-02-08,15:32:00.570,96,8.0,1890,25.6,1733,56,46,22.03,-372,-259,-453,-254,1024,1023,849,0,0,-1024,0,-1,-1,1,-1,-1,-1,1,-1,0x0000000000000009,8.0
2020-02-08,15:32:01.100,91,8.0,1894,28.2,1773,56,46,22.08,-419,-226,-369,-390,1024,1023,849,0,0,-1024,0,-1,-1,1,-1,-1,-1,1,-1,0x0000000000000009,8.0
2020-02-08,15:32:01.620,94,7.9,1899,28.2,1782,56,46,22.04,-329,-119,-215,-531,1024,1023,849,0,0,-1024,0,-1,-1,1,-1,-1,-1,1,-1,0x0000000000000009,8.0
2020-02-08,15:32:02.150,94,7.9,1904,36.7,1770,56,46,21.92,-350,-186,-435,-439,1024,1023,849,0,0,-1024,0,-1,-1,1,-1,-1,-1,1,-1,0x0000000000000009,8.0
2020-02-08,15:32:02.670,87,7.9,1910,27.3,1819,56,46,22.04,-362,-214,-361,-390,1024,1023,849,0,0,-1024,0,-1,-1,1,-1,-1,-1,1,-1,0x0000000000000009,8.0
2020-02-08,15:32:03.190,92,7.9,1915,26.7,1801,56,46,22.03,-417,-138,-228,-584,1024,1023,849,0,0,-1024,0,-1,-1,1,-1,-1,-1,1,-1,0x0000000000000009,8.0
2020-02-08,15:32:03.710,88,8.0,1920,31.1,1798,56,46,22.04,-379,-181,-283,-533,1024,1023,849,0,0,-1024,0,-1,-1,1,-1,-1,-1,1,-1,0x0000000000000009,8.0
2020-02-08,15:32:04.230,79,7.9,1925,31.7,1775,56,47,21.95,-370,-174,-339,-485,1024,1023,849,0,0,-1024,0,-1,-1,1,-1,-1,-1,1,-1,0x0000000000000009,8.0
2020-02-08,15:32:04.760,82,7.9,1930,25.0,1816,56,47,22.01,-437,-265,-191,-416,1024,1023,850,0,0,-1024,0,-1,-1,1,-1,-1,-1,1,-1,0x0000000000000009,8.0
2020-02-08,15:32:05.280,75,7.9,1936,28.8,1806,56,47,22.08,-446,-167,-199,-499,1024,1023,849,0,0,-1024,0,-1,-1,1,-1,-1,-1,1,-1,0x0000000000000009,8.0
2020-02-08,15:32:05.800,96,7.9,1941,28.2,1801,56,47,22.04,-471,-338,-450,-374,1024,1023,849,0,0,-1024,0,-1,-1,1,-1,-1,-1,1,-1,0x0000000000000009,8.0
2020-02-08,15:32:06.320,75,8.0,1946,30.8,1782,56,47,22.03,-431,-107,-215,-435,1024,1023,849,0,0,-1024,0,-1,-1,1,-1,-1,-1,1,-1,0x0000000000000009,8.0
2020-02-08,15:32:06.860,81,7.9,1951,25.9,1815,56,47,22.08,-390,-128,-212,-497,1024,1023,849,0,0,-1024,0,-1,-1,1,-1,-1,-1,1,-1,0x0000000000000009,8.0
2020-02-08,15:32:07.390,96,7.9,1955,28.5,1800,56,47,22.06,-418,-350,-459,-369,1024,1023,849,0,0,-1024,0,-1,-1,1,-1,-1,-1,1,-1,0x0000000000000009,8.0
2020-02-08,15:32:07.940,97,7.9,1960,26.2,1800,56,47,22.03,-451,-231,-205,-358,1024,1023,849,0,0,-1024,0,-1,-1,1,-1,-1,-1,1,-1,0x0000000000000009,8.0
2020-02-08,15:32:08.470,95,8.0,1965,26.2,1798,56,47,22.06,-460,-179,-285,-521,1024,1023,849,0,0,-1024,0,-1,-1,1,-1,-1,-1,1,-1,0x0000000000000009,8.0
2020-02-08,15:32:08.990,77,8.0,1971,28.8,1775,56,47,21.97,-444,-355,-481,-420,1024,1023,849,0,0,-1024,0,-1,-1,1,-1,-1,-1,1,-1,0x0000000000000009,8.0
2020-02-08,15:32:09.510,84,8.0,1976,28.8,1801,56,47,21.97,-425,-179,-201,-413,1024,1023,849,0,0,-1024,0,-1,-1,1,-1,-1,-1,1,-1,0x0000000000000009,8.0
2020-02-08,15:32:10.030,90,8.0,1981,27.6,1817,57,47,22.05,-433,-210,-240,-473,1024,1023,849,0,0,-1024,0,-1,-1,1,-1,-1,-1,1,-1,0x0000000000000009,8.0
2020-02-08,15:32:10.560,93,8.0,1985,24.1,1798,57,48,22.04,-439,-302,-360,-433,1024,1023,849,0,0,-1024,0,-1,-1,1,-1,-1,-1,1,-1,0x0000000000000009,8.0
2020-02-08,15:32:11.080,74,8.0,1990,29.4,1784,57,48,22.02,-452,-198,-299,-427,1024,1023,849,0,0,-1024,0,-1,-1,1,-1,-1,-1,1,-1,0x0000000000000009,8.0
2020-02-08,15:32:11.610,88,8.0,1995,27.6,1814,56,48,22.08,-413,-185,-189,-455,1024,1023,849,0,0,-1024,0,-1,-1,1,-1,-1,-1,1,-1,0x0000000000000009,8.0
2020-02-08,15:32:12.130,97,8.0,1999,24.7,1818,57,48,22.03,-449,-345,-405,-406,1024,1023,850,0,0,-1024,0,-1,-1,1,-1,-1,-1,1,-1,0x0000000000000009,8.0
2020-02-08,15:32:12.650,94,8.0,2003,36.4,1772,57,48,22.04,-893,-374,-609,-579,1024,1023,849,0,0,-1024,0,-1,-1,1,-1,-1,-1,1,-1,0x0000000000000009,8.0
2020-02-08,15:32:13.170,91,8.0,2010,44.3,1764,56,48,21.78,-600,-199,-29,502,1024,1023,849,0,0,-1024,0,-1,-1,1,-1,-1,-1,1,-1,0x0000000000000009,8.0
2020-02-08,15:32:13.700,91,8.0,2016,21.8,1847,57,48,22.04,-509,-105,342,-548,1024,1023,849,0,0,-1024,0,-1,-1,1,-1,-1,-1,1,-1,0x0000000000000009,8.0
2020-02-08,15:32:14.220,89,8.0,2020,35.2,1771,57,48,22.02,-112,-69,324,-13,1024,1023,849,0,0,-1024,0,-1,-1,1,-1,-1,-1,1,-1,0x0000000000000009,8.0
2020-02-08,15:32:14.740,97,8.0,2025,25.6,1830,57,48,22.03,8,10,292,-9,1024,1023,849,0,0,-1024,0,-1,-1,1,-1,-1,-1,1,-1,0x0000000000000009,8.0
2020-02-08,15:32:15.270,94,8.0,2030,23.5,1863,57,48,22.10,81,-84,316,49,1024,1023,849,0,0,-1024,0,-1,-1,1,-1,-1,-1,1,-1,0x0000000000000009,8.0
2020-02-08,15:32:15.790,94,8.0,2034,22.1,1847,57,48,22.10,57,10,309,-13,1024,1023,849,0,0,-1024,0,-1,-1,1,-1,-1,-1,1,-1,0x0000000000000009,8.0
2020-02-08,15:32:16.310,96,8.0,2037,22.4,1835,57,49,22.17,28,11,323,46,1024,1023,849,0,0,-1024,0,-1,-1,1,-1,-1,-1,1,-1,0x0000000000000009,8.0
2020-02-08,15:32:16.840,95,8.0,2041,21.2,1829,56,48,22.14,11,2,376,-6,1024,1023,849,0,0,-1024,0,-1,-1,1,-1,-1,-1,1,-1,0x0000000000000009,8.0
2020-02-08,15:32:17.360,96,8.0,2044,22.4,1802,56,49,22.15,54,38,323,-9,1024,1023,849,0,0,-1024,0,-1,-1,1,-1,-1,-1,1,-1,0x0000000000000009,8.0
2020-02-08,15:32:17.880,96,8.0,2048,20.9,1798,56,49,22.17,77,62,294,-50,1024,1023,849,0,0,-1024,0,-1,-1,1,-1,-1,-1,1,-1,0x0000000000000009,8.0
2020-02-08,15:32:48.500,109,8.1,2056,0.0,0,39,45,22.80,-5,11,-1024,-10,1024,1023,849,0,0,-1024,0,-1,-1,1,-1,-1,-1,1,-1,0x0000000000000009,8.0
2020-02-08,15:32:49.020,107,8.1,2056,0.0,0,39,45,22.82,9,11,-384,-10,1024,1023,849,0,0,-1024,0,-1,-1,1,-1,-1,-1,1,-1,0x0000000000000009,8.0
2020-02-08,15:32:49.540,104,8.1,2056,0.0,41,39,44,22.83,9,26,-318,-12,1024,1023,849,0,0,-1024,0,-1,-1,1,-1,-1,-1,1,-1,0x0000000000000009,8.0
2020-02-08,15:32:50.060,105,8.1,2057,6.3,110,39,44,22.83,11,11,-336,-13,1024,1023,849,0,0,-1024,0,-1,-1,1,-1,-1,-1,1,-1,0x0000000000000009,8.0
2020-02-08,15:32:50.580,108,8.0,2058,6.3,188,39,44,22.83,9,31,-326,-10,1024,1023,849,0,0,-1024,0,-1,-1,1,-1,-1,-1,1,-1,0x0000000000000009,8.0
2020-02-08,15:32:51.110,105,8.0,2059,6.3,230,39,44,22.83,9,5,-301,-12,1024,1023,849,0,0,-1024,0,-1,-1,1,-1,-1,-1,1,-1,0x0000000000000009,8.0
2020-02-08,15:32:51.630,104,8.0,2060,6.3,262,39,44,22.83,10,17,-283,-10,1024,1023,849,0,0,-1024,0,-1,-1,1,-1,-1,-1,1,-1,0x0000000000000009,8.0
2020-02-08,15:32:52.160,104,8.0,2062,6.3,288,39,44,22.83,11,12,-293,-10,1024,1023,849,0,0,-1024,0,-1,-1,1,-1,-1,-1,1,-1,0x0000000000000009,8.0
2020-02-08,15:32:52.680,104,8.0,2063,6.3,328,38,44,22.79,14,50,-300,34,1024,1023,849,0,0,-1024,0,-1,-1,1,-1,-1,-1,1,-1,0x0000000000000009,8.0
2020-02-08,15:32:53.200,105,8.0,2064,6.3,410,38,44,22.79,11,4,-259,-12,1024,1023,849,0,0,-1024,0,-1,-1,1,-1,-1,-1,1,-1,0x0000000000000009,8.0
2020-02-08,15:32:53.730,106,8.0,2065,6.3,470,39,44,22.74,13,13,-213,-12,1024,1023,849,0,0,-1024,0,-1,-1,1,-1,-1,-1,1,-1,0x0000000000000009,8.0
2020-02-08,15:32:54.250,103,8.0,2066,6.3,518,39,43,22.78,21,13,-205,-10,1024,1023,849,0,0,-1024,0,-1,-1,1,-1,-1,-1,1,-1,0x0000000000000009,8.0
2020-02-08,15:32:54.780,102,8.0,2067,6.3,568,39,43,22.76,56,36,-79,7,1024,1023,849,0,0,-1024,0,-1,-1,1,-1,-1,-1,1,-1,0x0000000000000009,8.0
2020-02-08,15:32:55.300,100,8.0,2068,6.3,614,39,43,22.76,11,13,-98,-9,1024,1023,849,0,0,-1024,0,-1,-1,1,-1,-1,-1,1,-1,0x0000000000000009,8.0
2020-02-08,15:32:55.830,102,8.0,2069,0.0,661,40,43,22.75,12,13,-100,-21,1024,1023,849,0,0,-1024,0,-1,-1,1,-1,-1,-1,1,-1,0x0000000000000009,8.0
2020-02-08,15:32:56.350,102,8.0,2069,0.0,705,40,43,22.75,58,84,-41,50,1024,1023,849,0,0,-1024,0,-1,-1,1,-1,-1,-1,1,-1,0x0000000000000009,8.0
2020-02-08,15:32:56.880,103,8.0,2069,1.0,740,40,43,22.75,9,109,1,137,1024,1023,849,0,0,-1024,0,-1,-1,1,-1,-1,-1,1,-1,0x0000000000000009,8.0
2020-02-08,15:32:57.400,102,8.0,2069,0.0,772,40,43,22.70,3,11,6,20,1024,1023,849,0,0,-1024,0,-1,-1,1,-1,-1,-1,1,-1,0x0000000000000009,8.0
2020-02-08,15:32:57.930,102,8.0,2069,1.0,806,40,43,22.70,9,11,38,11,1024,1023,849,0,0,-1024,0,-1,-1,1,-1,-1,-1,1,-1,0x0000000000000009,8.0
2020-02-08,15:32:58.450,103,8.0,2070,1.0,856,40,43,22.70,9,12,122,-10,1024,1023,849,0,0,-1024,0,-1,-1,1,-1,-1,-1,1,-1,0x0000000000000009,8.0
2020-02-08,15:32:58.980,102,8.0,2070,3.7,886,41,43,22.71,9,35,202,47,1024,1023,849,0,0,-1024,0,-1,-1,1,-1,-1,-1,1,-1,0x0000000000000009,8.0
2020-02-08,15:32:59.500,102,8.0,2071,5.4,947,41,43,22.66,4,31,198,49,1024,1023,850,0,0,-1024,0,-1,-1,1,-1,-1,-1,1,-1,0x0000000000000009,8.0
2020-02-08,15:33:00.030,102,8.0,2072,9.8,1031,41,43,22.65,9,17,180,-12,1024,1023,849,0,0,-1024,0,-1,-1,1,-1,-1,-1,1,-1,0x0000000000000009,8.0
2020-02-08,15:33:00.560,102,8.0,2073,10.7,1122,41,43,22.61,9,25,168,16,1024,1023,849,0,0,-1024,0,-1,-1,1,-1,-1,-1,1,-1,0x0000000000000009,8.0
2020-02-08,15:33:01.080,101,8.0,2076,11.6,1222,42,43,22.56,9,12,160,-14,1024,1023,849,0,0,-1024,0,-1,-1,1,-1,-1,-1,1,-1,0x0000000000000009,8.0
2020-02-08,15:33:01.610,103,8.0,2078,13.6,1325,42,43,22.51,10,12,230,-10,1024,1023,849,0,0,-1024,0,-1,-1,1,-1,-1,-1,1,-1,0x0000000000000009,8.0
2020-02-08,15:33:02.140,103,8.0,2081,17.1,1428,42,43,22.46,9,-1,410,-10,1024,1023,849,0,0,-1024,0,-1,-1,1,-1,-1,-1,1,-1,0x0000000000000009,8.0
2020-02-08,15:33:02.670,102,8.0,2084,21.8,1481,43,43,22.46,9,8,426,-12,1024,1023,849,0,0,-1024,0,-1,-1,1,-1,-1,-1,1,-1,0x0000000000000009,8.0
2020-02-08,15:33:03.200,100,8.0,2088,20.0,1560,43,43,22.37,-263,33,383,-26,1024,1023,849,0,0,-1024,0,-1,-1,1,-1,-1,-1,1,-1,0x0000000000000009,8.0
2020-02-08,15:33:03.720,90,8.0,2092,24.4,1668,43,43,22.32,-319,31,401,-13,1024,1023,849,0,0,-1024,0,-1,-1,1,-1,-1,-1,1,-1,0x0000000000000009,8.0
2020-02-08,15:33:04.250,76,8.0,2096,28.2,1732,44,43,22.29,-97,12,346,13,1024,1023,849,0,0,-1024,0,-1,-1,1,-1,-1,-1,1,-1,0x0000000000000009,8.0
2020-02-08,15:33:04.780,83,8.0,2101,24.4,1794,44,43,22.28,9,-17,316,-8,1024,1023,849,0,0,-1024,0,-1,-1,1,-1,-1,-1,1,-1,0x0000000000000009,8.0
2020-02-08,15:33:05.300,85,8.0,2105,20.6,1823,44,43,22.31,9,11,368,-54,1024,1023,849,0,0,-1024,0,-1,-1,1,-1,-1,-1,1,-1,0x0000000000000009,8.0
2020-02-08,15:33:05.830,85,8.0,2110,22.7,1807,45,43,22.31,17,43,363,-10,1024,1023,849,0,0,-1024,0,-1,-1,1,-1,-1,-1,1,-1,0x0000000000000009,8.0
2020-02-08,15:33:06.350,88,8.0,2113,22.1,1816,45,43,22.31,13,2,337,-37,1024,1023,849,0,0,-1024,0,-1,-1,1,-1,-1,-1,1,-1,0x0000000000000009,8.0
2020-02-08,15:33:06.880,79,8.0,2117,18.3,1817,45,43,22.32,9,11,343,1,1024,1023,849,0,0,-1024,0,-1,-1,1,-1,-1,-1,1,-1,0x0000000000000009,8.0
2020-02-08,15:33:07.400,82,8.0,2120,20.0,1810,45,43,22.31,9,11,348,3,1024,1023,849,0,0,-1024,0,-1,-1,1,-1,-1,-1,1,-1,0x0000000000000009,8.0
2020-02-08,15:33:07.920,79,8.0,2124,22.4,1803,45,43,22.30,9,69,337,7,1024,1023,849,0,0,-1024,0,-1,-1,1,-1,-1,-1,1,-1,0x0000000000000009,8.0
2020-02-08,15:33:08.450,79,8.0,2128,20.0,1803,45,43,22.29,9,-43,329,-29,1024,1023,849,0,0,-1024,0,-1,-1,1,-1,-1,-1,1,-1,0x0000000000000009,8.0
2020-02-08,15:33:08.980,84,8.0,2131,20.3,1806,45,43,22.29,9,24,322,-122,1024,1023,849,0,0,-1024,0,-1,-1,1,-1,-1,-1,1,-1,0x0000000000000009,8.0
2020-02-08,15:33:09.500,85,8.0,2135,20.3,1801,45,43,22.31,9,16,355,42,1024,1023,849,0,0,-1024,0,-1,-1,1,-1,-1,-1,1,-1,0x0000000000000009,8.0
2020-02-08,15:33:10.030,82,8.0,2138,20.6,1795,45,43,22.24,9,17,324,-9,1024,1023,849,0,0,-1024,0,-1,-1,1,-1,-1,-1,1,-1,0x0000000000000009,8.0
2020-02-08,15:33:10.560,86,8.0,2141,22.7,1801,45,43,22.27,9,5,295,13,1024,1023,849,0,0,-1024,0,-1,-1,1,-1,-1,-1,1,-1,0x0000000000000009,8.0
2020-02-08,15:33:11.080,85,8.0,2146,19.1,1807,45,43,22.29,9,14,325,-44,1024,1023,849,0,0,-1024,0,-1,-1,1,-1,-1,-1,1,-1,0x0000000000000009,8.0
2020-02-08,15:33:11.610,88,8.0,2149,17.7,1809,45,43,22.24,9,-14,305,-6,1024,1023,849,0,0,-1024,0,-1,-1,1,-1,-1,-1,1,-1,0x0000000000000009,8.0
2020-02-08,15:33:12.140,89,8.0,2152,21.5,1802,45,43,22.26,9,25,295,-12,1024,1023,849,0,0,-1024,0,-1,-1,1,-1,-1,-1,1,-1,0x0000000000000009,8.0
2020-02-08,15:33:12.660,89,8.0,2156,16.2,1807,45,43,22.27,9,64,284,-82,1024,1023,849,0,0,-1024,0,-1,-1,1,-1,-1,-1,1,-1,0x0000000000000009,8.0
2020-02-08,15:33:13.190,72,8.0,2159,20.3,1800,45,43,22.28,9,29,266,-19,1024,1023,849,0,0,-1024,0,-1,-1,1,-1,-1,-1,1,-1,0x0000000000000009,8.0
2020-02-08,15:33:13.710,87,8.0,2162,21.5,1813,45,43,22.27,1,14,274,-10,1024,1023,849,0,0,-1024,0,-1,-1,1,-1,-1,-1,1,-1,0x0000000000000009,8.0
2020-02-08,15:33:14.240,84,8.0,2165,18.9,1802,45,43,22.26,4,14,288,7,1024,1023,849,0,0,-1024,0,-1,-1,1,-1,-1,-1,1,-1,0x0000000000000009,8.0
2020-02-08,15:33:14.760,83,8.0,2169,20.0,1803,45,43,22.22,9,47,269,-4,1024,1023,849,0,0,-1024,0,-1,-1,1,-1,-1,-1,1,-1,0x0000000000000009,8.0
2020-02-08,15:33:15.290,83,8.0,2173,16.2,1798,45,43,22.25,9,14,270,-26,1024,1023,849,0,0,-1024,0,-1,-1,1,-1,-1,-1,1,-1,0x0000000000000009,8.0
2020-02-08,15:33:15.820,91,8.0,2176,20.3,1797,45,44,22.25,9,38,308,-10,1024,1023,849,0,0,-1024,0,-1,-1,1,-1,-1,-1,1,-1,0x0000000000000009,8.0
2020-02-08,15:33:16.340,93,8.0,2179,20.0,1790,45,44,22.25,9,77,329,-15,1024,1023,849,0,0,-1024,0,-1,-1,1,-1,-1,-1,1,-1,0x0000000000000009,8.0
2020-02-08,15:33:16.870,94,8.0,2183,21.8,1783,46,44,22.24,45,29,311,4,1024,1023,849,0,0,-1024,0,-1,-1,1,-1,-1,-1,1,-1,0x0000000000000009,8.0
2020-02-08,15:33:17.390,93,8.0,2186,18.0,1785,46,44,22.24,108,9,305,-10,1024,1023,849,0,0,-1024,0,-1,-1,1,-1,-1,-1,1,-1,0x0000000000000009,8.0
2020-02-08,15:33:17.920,90,8.0,2190,22.9,1804,46,44,22.22,-11,29,290,-31,1024,1023,849,0,0,-1024,0,-1,-1,1,-1,-1,-1,1,-1,0x0000000000000009,8.0
2020-02-08,15:33:18.450,87,8.0,2193,20.0,1805,46,44,22.24,-30,34,345,-77,1024,1023,849,0,0,-1024,0,-1,-1,1,-1,-1,-1,1,-1,0x0000000000000009,8.0
2020-02-08,15:33:18.980,81,8.0,2197,20.0,1796,46,44,22.19,-76,9,341,-12,1024,1023,849,0,0,-1024,0,-1,-1,1,-1,-1,-1,1,-1,0x0000000000000009,8.0
2020-02-08,15:33:19.500,86,8.0,2200,18.3,1787,46,44,22.20,9,-21,309,20,1024,1023,849,0,0,-1024,0,-1,-1,1,-1,-1,-1,1,-1,0x0000000000000009,8.0
2020-02-08,15:33:20.030,91,8.0,2204,18.6,1801,46,44,22.21,9,18,351,-10,1024,1023,849,0,0,-1024,0,-1,-1,1,-1,-1,-1,1,-1,0x0000000000000009,8.0
2020-02-08,15:33:20.560,93,8.0,2208,18.0,1801,46,44,22.22,9,11,320,-64,1024,1023,849,0,0,-1024,0,-1,-1,1,-1,-1,-1,1,-1,0x0000000000000009,8.0
2020-02-08,15:33:21.080,93,8.0,2211,22.1,1798,46,44,22.20,9,78,353,-12,1024,1023,849,0,0,-1024,0,-1,-1,1,-1,-1,-1,1,-1,0x0000000000000009,8.0
2020-02-08,15:33:21.610,92,8.0,2215,22.1,1783,46,44,22.17,9,19,345,28,1024,1023,849,0,0,-1024,0,-1,-1,1,-1,-1,-1,1,-1,0x0000000000000009,8.0
2020-02-08,15:33:22.140,91,8.0,2219,22.1,1793,46,44,22.17,9,-18,342,-90,1024,1023,849,0,0,-1024,0,-1,-1,1,-1,-1,-1,1,-1,0x0000000000000009,8.0
2020-02-08,15:33:22.670,91,8.0,2222,20.3,1800,46,44,22.17,9,9,354,-20,1024,1023,849,0,0,-1024,0,-1,-1,1,-1,-1,-1,1,-1,0x0000000000000009,8.0
2020-02-08,15:33:23.190,91,8.0,2226,21.5,1801,46,44,22.18,9,-2,336,-9,1024,1023,849,0,0,-1024,0,-1,-1,1,-1,-1,-1,1,-1,0x0000000000000009,8.0
2020-02-08,15:33:23.720,91,8.0,2230,18.6,1800,46,44,22.16,10,26,362,-12,1024,1023,849,0,0,-1024,0,-1,-1,1,-1,-1,-1,1,-1,0x0000000000000009,8.0
2020-02-08,15:33:24.250,89,8.0,2234,18.9,1785,46,44,22.17,28,82,321,-10,1024,1023,849,0,0,-1024,0,-1,-1,1,-1,-1,-1,1,-1,0x0000000000000009,8.0
2020-02-08,15:33:24.770,92,8.0,2238,23.2,1792,47,44,22.17,18,-34,345,22,1024,1023,849,0,0,-1024,0,-1,-1,1,-1,-1,-1,1,-1,0x0000000000000009,8.0
2020-02-08,15:33:25.300,92,8.0,2241,20.6,1803,47,44,22.14,21,-18,349,6,1024,1023,849,0,0,-1024,0,-1,-1,1,-1,-1,-1,1,-1,0x0000000000000009,8.0
2020-02-08,15:33:25.830,91,8.0,2245,22.9,1798,47,44,22.15,35,5,813,-30,1024,1023,849,0,0,-1024,0,-1,-1,1,-1,-1,-1,1,-1,0x0000000000000009,8.0
2020-02-08,15:33:26.350,91,8.0,2251,42.2,1719,47,45,21.87,10,-3,722,2,1024,1023,849,0,0,-1024,0,-1,-1,1,-1,-1,-1,1,-1,0x0000000000000009,8.0
2020-02-08,15:33:26.880,89,8.0,2258,24.7,1787,47,44,21.99,16,6,549,-13,1024,1023,849,0,0,-1024,0,-1,-1,1,-1,-1,-1,1,-1,0x0000000000000009,8.0
2020-02-08,15:33:27.410,89,8.0,2263,26.2,1790,48,45,21.97,52,80,525,6,1024,1023,849,0,0,-1024,0,-1,-1,1,-1,-1,-1,1,-1,0x0000000000000009,8.0
2020-02-08,15:33:27.940,86,8.0,2267,26.7,1801,48,45,22.02,-304,12,508,-10,1024,1023,849,0,0,-1024,0,-1,-1,1,-1,-1,-1,1,-1,0x0000000000000009,8.0
2020-02-08,15:33:28.470,81,8.0,2271,20.6,1827,48,45,22.07,-561,74,517,14,1024,1023,849,0,0,-1024,0,-1,-1,1,-1,-1,-1,1,-1,0x0000000000000009,8.0
2020-02-08,15:33:29.000,94,8.0,2277,25.3,1803,48,45,22.05,-387,78,501,7,1024,1023,849,0,0,-1024,0,-1,-1,1,-1,-1,-1,1,-1,0x0000000000000009,8.0
2020-02-08,15:33:29.520,84,7.9,2281,32.3,1769,48,45,21.98,40,164,568,177,1024,1023,849,0,0,-1024,0,-1,-1,1,-1,-1,-1,1,-1,0x0000000000000009,8.0
2020-02-08,15:33:30.070,74,7.9,2286,26.4,1791,49,45,21.97,11,-11,523,-199,1024,1023,849,0,0,-1024,0,-1,-1,1,-1,-1,-1,1,-1,0x0000000000000009,8.0
2020-02-08,15:33:30.630,70,7.9,2291,26.2,1781,49,45,21.95,53,6,481,102,1024,1023,849,0,0,-1024,0,-1,-1,1,-1,0,-1,1,-1,0x000000000000000A,8.0
2020-02-08,15:33:31.180,67,8.0,2298,39.9,1879,49,45,21.86,25,-79,496,-13,1024,1023,849,0,0,-1024,0,-1,-1,1,-1,0,-1,1,-1,0x000000000000000A,8.0
2020-02-08,15:33:31.720,80,8.0,2305,32.6,1962,49,45,21.85,10,47,519,95,1024,1023,849,0,0,-1024,0,-1,-1,1,-1,0,-1,1,-1,0x000000000000000A,8.0
2020-02-08,15:33:32.260,76,8.0,2311,31.1,1983,50,45,21.87,9,-71,456,-153,1024,1023,849,0,0,-1024,0,-1,-1,1,-1,0,-1,1,-1,0x000000000000000A,8.0
2020-02-08,15:33:32.790,62,8.0,2316,33.7,1995,50,46,21.88,-25,127,441,-14,1024,1023,849,0,0,-1024,0,-1,-1,1,-1,0,-1,1,-1,0x000000000000000A,8.0
2020-02-08,15:33:33.310,61,8.0,2321,32.3,2006,50,46,21.94,9,-45,406,112,1024,1023,849,0,0,-1024,0,-1,-1,1,-1,0,-1,1,-1,0x000000000000000A,8.0
2020-02-08,15:33:33.840,71,8.0,2326,29.7,1996,50,46,21.93,9,-70,414,-16,1024,1023,849,0,0,-1024,0,-1,-1,1,-1,0,-1,1,-1,0x000000000000000A,8.0
2020-02-08,15:33:34.370,73,8.0,2331,87.8,1890,50,45,21.17,9,-109,291,-18,1024,1023,849,0,0,-1024,1,-1,-1,1,-1,0,-1,1,-1,0x000000000000000A,8.0
2020-02-08,15:33:34.900,78,8.0,2342,26.7,2057,50,46,21.89,-112,693,-547,-27,1024,1023,849,0,0,-1024,0,-1,-1,1,-1,0,-1,1,-1,0x000000000000000A,8.0
2020-02-08,15:33:35.430,74,8.0,2348,31.7,2004,50,46,21.79,10,-426,363,129,1024,1023,849,0,0,-1024,0,-1,-1,1,-1,0,-1,1,-1,0x000000000000000A,8.0
2020-02-08,15:33:35.960,79,8.0,2356,45.7,1973,50,46,21.54,-117,160,-191,-77,1024,1023,849,0,0,-1024,0,-1,-1,1,-1,0,-1,1,-1,0x000000000000000A,8.0
2020-02-08,15:33:36.490,82,8.0,2363,58.6,1963,51,46,21.53,-239,858,-411,-160,1024,1023,850,0,0,-1024,0,-1,-1,1,-1,0,-1,1,-1,0x000000000000000A,8.0
2020-02-08,15:33:37.020,85,8.0,2372,34.3,2034,51,46,21.59,21,-314,588,1,1024,1023,849,0,0,-1024,0,-1,-1,1,-1,0,-1,1,-1,0x000000000000000A,8.0
2020-02-08,15:33:37.540,76,8.0,2379,51.3,1947,52,46,21.69,9,208,854,-10,1024,1023,849,0,0,-1024,0,-1,-1,1,-1,0,-1,1,-1,0x000000000000000A,8.0
2020-02-08,15:33:38.070,64,8.0,2391,46.6,2003,52,46,21.55,9,73,406,1024,1024,1023,849,0,0,-1024,0,-1,-1,1,-1,0,-1,1,-1,0x000000000000000A,8.0
2020-02-08,15:33:38.600,84,8.0,2400,29.4,2068,53,46,21.71,-37,10,34,-10,1024,1023,849,0,0,-1024,0,-1,-1,1,-1,0,-1,1,-1,0x000000000000000A,8.0
2020-02-08,15:33:39.130,82,8.0,2405,25.3,2063,53,46,21.80,-91,-302,-422,-30,1024,1023,849,0,0,-1024,0,-1,-1,1,-1,0,-1,1,-1,0x000000000000000A,8.0
2020-02-08,15:33:39.660,82,8.0,2412,29.4,2030,53,47,21.73,-81,-220,-338,-13,1024,1023,849,0,0,-1024,0,-1,-1,1,-1,0,-1,1,-1,0x000000000000000A,8.0
2020-02-08,15:33:40.190,86,8.0,2417,30.5,2011,53,47,21.70,-84,-130,-521,-78,1024,1023,849,0,0,-1024,0,-1,-1,1,-1,0,-1,1,-1,0x000000000000000A,8.0
2020-02-08,15:33:40.720,95,8.0,2424,42.8,1987,53,47,21.58,-56,-66,-656,-29,1024,1023,849,0,0,-1024,0,-1,-1,1,-1,0,-1,1,-1,0x000000000000000A,8.0
2020-02-08,15:33:41.250,103,8.0,2431,51.6,1957,53,47,21.36,-91,-187,-675,-88,1024,1023,849,0,0,-1024,0,-1,-1,1,-1,0,-1,1,-1,0x000000000000000A,8.0
2020-02-08,15:33:41.780,90,8.0,2440,47.2,1999,53,47,21.46,-55,-82,-587,-38,1024,1023,849,0,0,-1024,0,-1,-1,1,-1,0,-1,1,-1,0x000000000000000A,8.0
2020-02-08,15:33:42.310,86,8.0,2448,36.1,2023,53,47,21.60,-114,-299,-657,-13,1024,1023,850,0,0,-1024,0,-1,-1,1,-1,0,-1,1,-1,0x000000000000000A,8.0
2020-02-08,15:33:42.860,79,8.0,2459,55.1,1970,53,47,21.29,-49,-202,-585,-65,1024,1023,849,0,0,-1024,0,-1,-1,1,-1,0,-1,1,-1,0x000000000000000A,8.0
2020-02-08,15:33:43.360,81,8.0,2467,49.8,1993,54,47,21.43,-114,-194,-658,227,1024,1023,849,0,0,-1024,0,-1,-1,1,-1,0,-1,1,-1,0x000000000000000A,8.0
2020-02-08,15:33:43.890,85,8.0,2476,57.1,1991,54,47,21.29,-18,-87,-531,-8,1024,1023,849,0,0,-1024,0,-1,-1,1,-1,0,-1,1,-1,0x000000000000000A,8.0
2020-02-08,15:33:44.420,82,8.0,2482,40.8,2025,54,47,21.63,-81,-154,-480,-12,1024,1023,849,0,0,-1024,0,-1,-1,1,-1,0,-1,1,-1,0x000000000000000A,8.0
2020-02-08,15:33:44.950,80,8.0,2488,38.7,2014,54,47,21.60,-121,-231,-516,34,1024,1023,849,0,0,-1024,0,-1,-1,1,-1,0,-1,1,-1,0x000000000000000A,8.0
2020-02-08,15:33:45.480,86,8.0,2494,40.5,2004,54,47,21.54,-97,-284,-525,-16,1024,1023,849,0,0,-1024,0,-1,-1,1,-1,0,-1,1,-1,0x000000000000000A,8.0
2020-02-08,15:33:46.010,87,8.0,2501,46.9,1991,54,47,21.51,-102,-217,-645,-94,1024,1023,849,0,0,-1024,0,-1,-1,1,-1,0,-1,1,-1,0x000000000000000A,8.0
2020-02-08,15:33:46.540,91,8.0,2510,56.8,1957,54,47,21.21,-63,-250,-689,166,1024,1023,849,0,0,-1024,0,-1,-1,1,-1,0,-1,1,-1,0x000000000000000A,8.0
2020-02-08,15:33:47.070,93,8.0,2520,60.9,1994,54,47,21.28,-54,-168,-586,-174,1024,1023,849,0,0,-1024,0,-1,-1,1,-1,0,-1,1,-1,0x000000000000000A,8.0
2020-02-08,15:33:47.600,85,8.0,2529,45.7,2006,54,47,21.41,-92,-301,-640,-12,1024,1023,849,0,0,-1024,0,-1,-1,1,-1,0,-1,1,-1,0x000000000000000A,8.0
2020-02-08,15:33:48.130,86,8.0,2540,54.5,1990,55,47,21.26,-56,-213,-626,67,1024,1023,849,0,0,-1024,0,-1,-1,1,-1,0,-1,1,-1,0x000000000000000A,8.0
2020-02-08,15:33:48.660,81,8.0,2549,44.0,2014,55,46,21.40,-98,-140,-571,52,1024,1023,849,0,0,-1024,0,-1,-1,1,-1,0,-1,1,-1,0x000000000000000A,8.0
2020-02-08,15:33:49.190,80,8.0,2556,44.6,2011,55,46,21.41,-63,-94,-485,-10,1024,1023,849,0,0,-1024,0,-1,-1,1,-1,0,-1,1,-1,0x000000000000000A,8.0
2020-02-08,15:33:49.720,81,8.0,2563,33.7,2035,55,46,21.56,-56,-177,-369,-36,1024,1023,849,0,0,-1024,0,-1,-1,1,-1,0,-1,1,-1,0x000000000000000A,8.0
2020-02-08,15:33:50.250,84,8.0,2568,32.0,2023,55,46,21.60,-110,-205,-426,-4,1024,1023,850,0,0,-1024,0,-1,-1,1,-1,0,-1,1,-1,0x000000000000000A,8.0
2020-02-08,15:33:50.780,77,8.0,2574,30.2,2000,55,46,21.61,-82,-226,-501,-157,1024,1023,849,0,0,-1024,0,-1,-1,1,-1,0,-1,1,-1,0x000000000000000A,8.0
2020-02-08,15:33:51.310,94,8.0,2582,40.5,1986,54,46,21.50,-76,-279,-588,-12,1024,1023,849,0,0,-1024,0,-1,-1,1,-1,0,-1,1,-1,0x000000000000000A,8.0
2020-02-08,15:33:51.840,86,8.0,2592,70.8,1924,54,46,20.88,-129,335,-851,-257,1024,1023,849,0,0,-1024,0,-1,-1,1,-1,0,-1,1,-1,0x000000000000000A,8.0
2020-02-08,15:33:52.370,89,8.0,2601,27.9,2105,54,46,21.66,-351,533,-470,-135,1024,1023,849,0,0,-1024,0,-1,-1,1,-1,0,-1,1,-1,0x000000000000000A,8.0
2020-02-08,15:33:52.900,90,8.0,2605,35.8,2184,54,46,21.65,3,-552,837,-10,1024,1023,849,0,0,-1024,0,-1,-1,1,-1,0,-1,1,-1,0x000000000000000A,8.0
2020-02-08,15:33:53.440,87,8.0,2617,111.4,1910,55,46,20.57,9,-394,1016,-12,1024,1023,849,0,0,-1024,0,-1,-1,1,-1,0,-1,1,-1,0x000000000000000A,8.0
2020-02-08,15:33:53.970,80,8.0,2632,88.4,1997,55,46,20.75,9,-206,160,-16,1024,1023,849,0,0,-1024,0,-1,-1,1,-1,0,-1,1,-1,0x000000000000000A,8.0
2020-02-08,15:33:54.500,68,8.0,2641,26.2,2102,56,46,21.55,9,131,-479,-122,1024,1023,849,0,0,-1024,0,-1,-1,1,-1,0,-1,1,-1,0x000000000000000A,8.0
2020-02-08,15:33:55.030,84,8.0,2650,57.7,1946,56,46,21.16,-16,556,-846,-98,1024,1023,849,0,0,-1024,0,-1,-1,1,-1,0,-1,1,-1,0x000000000000000A,8.0
2020-02-08,15:33:55.560,68,7.9,2663,50.7,2021,56,46,21.21,9,-646,974,0,1024,1023,849,0,0,-1024,0,-1,-1,1,-1,0,-1,1,-1,0x000000000000000A,8.0
2020-02-08,15:33:56.090,82,7.9,2680,139.8,1907,57,46,20.15,24,-887,307,-8,1024,1023,849,0,0,-1024,0,-1,-1,1,-1,0,-1,1,-1,0x000000000000000A,8.0
2020-02-08,15:33:56.620,83,7.9,2695,30.2,2102,58,46,21.38,-99,5,301,-12,1024,1023,849,0,0,-1024,0,-1,-1,1,-1,0,-1,1,-1,0x000000000000000A,8.0
2020-02-08,15:33:57.150,79,7.9,2700,40.2,2014,59,47,21.32,-1014,-34,1024,-12,1024,1023,849,0,0,-1024,0,-1,-1,1,-1,0,-1,1,-1,0x000000000000000A,8.0
2020-02-08,15:33:57.690,93,7.9,2714,117.0,1957,59,47,20.28,-52,18,180,986,1024,1023,849,0,0,-1024,0,-1,-1,1,-1,0,-1,1,-1,0x000000000000000A,8.0
2020-02-08,15:33:58.210,67,7.9,2727,37.5,2101,60,47,21.27,28,20,42,61,1024,1023,849,0,0,-1024,0,-1,-1,1,-1,0,-1,1,-1,0x000000000000000A,8.0
2020-02-08,15:33:58.740,86,7.9,2734,27.9,2062,60,47,21.40,-11,12,53,276,1024,1023,849,0,0,-1024,0,-1,-1,1,-1,0,-1,1,-1,0x000000000000000A,8.0
2020-02-08,15:33:59.280,76,7.9,2739,27.6,2063,60,47,21.49,-927,-63,-223,-480,1024,1023,849,0,0,-1024,0,-1,-1,1,-1,0,-1,1,-1,0x000000000000000A,8.0
2020-02-08,15:33:59.820,83,8.0,2746,45.7,1986,59,47,21.30,-704,142,135,-91,1024,1023,849,0,0,-1024,0,-1,-1,1,-1,0,-1,1,-1,0x000000000000000A,8.0
2020-02-08,15:34:00.320,88,8.0,2751,24.7,2025,59,47,21.47,-125,-20,345,342,1024,1023,850,0,0,-1024,0,-1,-1,1,-1,0,-1,1,-1,0x000000000000000A,8.0
2020-02-08,15:34:00.870,81,8.0,2756,53.3,1956,58,48,21.23,-101,-526,191,-19,1024,1023,849,0,0,-1024,0,-1,-1,1,-1,0,-1,1,-1,0x000000000000000A,8.0
2020-02-08,15:34:01.400,81,8.0,2764,35.8,2015,58,48,21.45,-38,-309,-333,-4,1024,1023,849,0,0,-1024,0,-1,-1,1,-1,0,-1,1,-1,0x000000000000000A,8.0
2020-02-08,15:34:01.930,88,8.0,2771,73.5,1921,57,48,21.09,9,-389,-32,-10,1024,1023,849,0,0,-1024,0,-1,-1,1,-1,0,-1,1,-1,0x000000000000000A,8.0
2020-02-08,15:34:02.460,88,8.0,2780,28.2,2050,58,48,21.49,71,-453,-50,39,1024,1023,849,0,0,-1024,0,-1,-1,1,-1,0,-1,1,-1,0x000000000000000A,8.0
2020-02-08,15:34:02.990,89,8.0,2788,59.2,1920,57,48,21.18,11,-19,356,-12,1024,1023,849,0,0,-1024,0,-1,-1,1,-1,0,-1,1,-1,0x000000000000000A,8.0
2020-02-08,15:34:03.520,85,8.0,2796,28.8,2029,58,48,21.45,6,11,231,-12,1024,1023,849,0,0,-1024,0,-1,-1,1,-1,0,-1,1,-1,0x000000000000000A,8.0
2020-02-08,15:34:04.050,84,8.0,2801,25.3,2047,57,49,21.50,20,31,368,-14,1024,1023,849,0,0,-1024,0,-1,-1,1,-1,0,-1,1,-1,0x000000000000000A,8.0
2020-02-08,15:34:04.590,83,8.0,2806,24.1,2027,57,49,21.57,-288,124,326,-12,1024,1023,849,0,0,-1024,0,-1,-1,1,-1,0,-1,1,-1,0x000000000000000A,8.0
2020-02-08,15:34:05.120,84,8.0,2810,27.3,2009,57,49,21.60,-210,-19,290,84,1024,1023,849,0,0,-1024,1,-1,-1,1,-1,0,-1,1,-1,0x000000000000000A,8.0
2020-02-08,15:34:05.650,94,8.0,2815,29.4,1997,56,49,21.58,107,32,296,3,1024,1023,849,0,0,-1024,0,-1,-1,1,-1,0,-1,1,-1,0x000000000000000A,8.0
2020-02-08,15:34:06.180,88,8.0,2819,26.4,2009,56,49,21.61,9,17,396,-8,1024,1023,849,0,0,-1024,0,-1,-1,1,-1,0,-1,1,-1,0x000000000000000A,8.0
2020-02-08,15:34:06.720,90,8.0,2825,31.1,2000,56,49,21.59,-203,81,368,-33,1024,1023,849,0,0,-1024,0,-1,-1,1,-1,0,-1,1,-1,0x000000000000000A,8.0
2020-02-08,15:34:07.250,88,8.0,2830,27.3,2013,55,49,21.63,-233,13,284,-12,1024,1023,849,0,0,-1024,0,-1,-1,1,-1,0,-1,1,-1,0x000000000000000A,8.0
2020-02-08,15:34:07.780,90,8.0,2834,25.6,1995,55,49,21.60,3,123,591,166,1024,1023,850,0,0,-1024,0,-1,-1,1,-1,0,-1,1,-1,0x000000000000000A,8.0
2020-02-08,15:34:08.310,95,7.9,2844,99.7,1900,55,49,20.60,-4,5,-558,-234,1024,1023,849,0,0,-1024,0,-1,-1,1,-1,0,-1,1,-1,0x000000000000000A,8.0
2020-02-08,15:34:08.850,97,7.9,2856,49.5,1992,55,49,21.21,10,-74,-136,716,1024,1023,849,0,0,-1024,0,-1,-1,1,-1,0,-1,1,-1,0x000000000000000A,8.0
2020-02-08,15:34:09.380,88,7.9,2865,61.2,2008,56,50,21.11,-106,4,-823,153,1024,1023,849,0,0,-1024,0,-1,-1,1,-1,0,-1,1,-1,0x000000000000000A,8.0
2020-02-08,15:34:09.920,95,7.9,2880,64.1,1990,56,50,21.05,8,4,-453,199,1024,1023,849,0,0,-1024,0,-1,-1,1,-1,0,-1,1,-1,0x000000000000000A,8.0
2020-02-08,15:34:10.470,96,7.9,2890,63.5,1997,57,50,20.88,-72,11,-675,372,1024,1023,849,0,0,-1024,0,-1,-1,1,-1,0,-1,1,-1,0x000000000000000A,8.0
2020-02-08,15:34:11.010,97,7.9,2903,59.4,1998,58,50,20.94,8,12,-384,513,1024,1023,849,0,0,-1024,0,-1,-1,1,-1,0,-1,1,-1,0x000000000000000A,8.0
2020-02-08,15:34:11.540,83,7.9,2914,75.8,1990,58,50,20.78,49,-1,-190,980,1024,1023,850,0,0,-1024,0,-1,-1,1,-1,0,-1,1,-1,0x000000000000000A,8.0
2020-02-08,15:34:12.070,93,7.9,2927,61.8,2008,59,50,20.88,9,-60,196,923,1024,1023,849,0,0,-1024,0,-1,-1,1,-1,0,-1,1,-1,0x000000000000000A,8.0
2020-02-08,15:34:12.610,91,7.9,2943,82.8,1988,60,50,20.69,90,-41,492,883,1024,1023,849,0,0,-1024,0,-1,-1,1,-1,0,-1,1,-1,0x000000000000000A,8.0
2020-02-08,15:34:13.150,89,8.0,2955,67.6,1994,60,51,20.87,11,-11,194,1024,1024,1023,850,0,0,-1024,0,-1,-1,1,-1,0,-1,1,-1,0x000000000000000A,8.0
2020-02-08,15:34:13.650,95,8.0,2969,79.3,1965,61,51,20.64,91,14,619,868,1024,1023,849,0,0,-1024,0,-1,-1,1,-1,0,-1,1,-1,0x000000000000000A,8.0
2020-02-08,15:34:14.190,98,8.0,2981,77.8,1975,62,51,20.76,30,13,-273,990,1024,1023,849,0,0,-1024,0,-1,-1,1,-1,0,-1,1,-1,0x000000000000000A,8.0
2020-02-08,15:34:14.720,98,8.0,2994,89.8,1975,62,51,20.53,6,44,-491,310,1024,1023,849,0,0,-1024,0,-1,-1,1,-1,0,-1,1,-1,0x000000000000000A,8.0
2020-02-08,15:34:15.250,93,8.0,3008,88.1,1988,63,51,20.48,-114,80,-690,-585,1024,1023,849,0,0,-1024,0,-1,-1,1,-1,0,-1,1,-1,0x000000000000000A,8.0
2020-02-08,15:34:15.790,89,7.9,3021,96.8,1965,64,51,20.48,25,85,-359,-963,1024,1023,849,0,0,-1024,0,-1,-1,1,-1,0,-1,1,-1,0x000000000000000A,8.0
2020-02-08,15:34:16.320,89,7.9,3034,76.4,1996,64,52,20.62,8,123,720,-704,1024,1023,849,0,0,-1024,0,-1,-1,1,-1,0,-1,1,-1,0x000000000000000A,8.0
2020-02-08,15:34:16.850,95,7.9,3053,86.9,2000,65,52,20.37,17,27,942,448,1024,1023,849,0,0,-1024,0,-1,-1,1,-1,0,-1,1,-1,0x000000000000000A,8.0
2020-02-08,15:34:17.390,90,7.9,3067,68.2,1998,65,52,20.44,10,-50,443,1024,1024,1023,849,0,0,-1024,0,-1,-1,1,-1,0,-1,1,-1,0x000000000000000A,8.0
2020-02-08,15:34:17.920,88,7.9,3082,88.9,2005,66,52,20.39,13,-15,-395,690,1024,1023,849,0,0,-1024,0,-1,-1,1,-1,0,-1,1,-1,0x000000000000000A,8.0
2020-02-08,15:34:18.460,89,8.0,3096,85.4,1998,67,53,20.50,-79,163,-698,-33,1024,1023,849,0,0,-1024,0,-1,-1,1,-1,0,-1,1,-1,0x000000000000000A,8.0
2020-02-08,15:34:18.990,91,8.0,3110,87.8,1997,67,53,20.43,-129,118,-753,-625,1024,1023,849,0,0,-1024,0,-1,-1,1,-1,0,-1,1,-1,0x000000000000000A,8.0
2020-02-08,15:34:19.520,90,8.0,3124,78.4,1998,68,53,20.56,57,61,-361,-1024,1024,1023,849,0,0,-1024,0,-1,-1,1,-1,0,-1,1,-1,0x000000000000000A,8.0
2020-02-08,15:34:20.070,92,7.9,3143,93.6,2012,68,53,20.33,10,185,751,157,1024,1023,849,0,0,-1024,0,-1,-1,1,-1,0,-1,1,-1,0x000000000000000A,8.0
2020-02-08,15:34:20.610,88,7.9,3156,76.1,2023,69,53,20.50,30,-75,798,1024,1024,1023,849,0,0,-1024,0,-1,-1,1,-1,0,-1,1,-1,0x000000000000000A,8.0
2020-02-08,15:34:21.160,86,7.9,3171,86.0,1991,69,54,20.37,9,-80,56,1024,1024,1023,849,0,0,-1024,0,-1,-1,1,-1,0,-1,1,-1,0x000000000000000A,8.0
2020-02-08,15:34:21.700,92,8.0,3186,61.5,2092,70,54,20.64,-1024,32,649,-59,1024,1023,849,0,0,-1024,0,-1,-1,1,-1,0,-1,1,-1,0x000000000000000A,8.0
2020-02-08,15:34:22.250,95,8.0,3200,100.9,1949,70,54,20.34,-1024,11,166,1,1024,1023,849,0,0,-1024,0,-1,-1,1,-1,0,-1,1,-1,0x000000000000000A,8.0
2020-02-08,15:34:22.800,90,8.0,3209,60.9,1983,70,54,20.74,-939,33,-697,-10,1024,1023,849,0,0,-1024,0,-1,-1,1,-1,0,-1,1,-1,0x000000000000000A,8.0
2020-02-08,15:34:23.340,83,7.9,3217,58.6,1997,70,55,21.00,-859,44,-1024,-9,1024,1023,849,0,0,-1024,0,-1,-1,1,-1,0,-1,1,-1,0x000000000000000A,8.0
2020-02-08,15:34:23.890,88,7.9,3231,95.7,1970,70,55,20.30,8,44,-1024,-12,1024,1023,849,0,0,-1024,1,-1,-1,1,-1,0,-1,1,-1,0x000000000000000A,8.0
2020-02-08,15:34:24.440,85,7.9,3245,76.1,1994,70,55,20.55,11,195,-1024,-14,1024,1023,849,0,0,-1024,0,-1,-1,1,-1,0,-1,1,-1,0x000000000000000A,8.0
2020-02-08,15:34:24.980,90,7.9,3264,86.9,2012,71,55,20.42,6,347,-779,-13,1024,1023,849,0,0,-1024,0,-1,-1,1,-1,0,-1,1,-1,0x000000000000000A,8.0
2020-02-08,15:34:25.530,76,8.0,3276,88.7,1989,71,55,20.41,9,342,-818,-14,1024,1023,849,0,0,-1024,0,-1,-1,1,-1,0,-1,1,-1,0x000000000000000A,8.0
2020-02-08,15:34:26.030,74,7.9,3291,89.5,1997,72,56,20.36,8,495,-799,-20,1024,1023,849,0,0,-1024,0,-1,-1,1,-1,0,-1,1,-1,0x000000000000000A,8.0
2020-02-08,15:34:26.560,69,7.9,3307,94.5,1979,72,56,20.25,1,72,-829,-14,1024,1023,849,0,0,-1024,0,-1,-1,1,-1,0,-1,1,-1,0x000000000000000A,8.0
2020-02-08,15:34:27.110,67,7.9,3321,44.8,2108,73,56,20.80,-17,-518,-603,111,1024,1023,849,0,0,-1024,0,-1,-1,1,-1,0,-1,1,-1,0x000000000000000A,8.0
2020-02-08,15:34:27.650,79,8.0,3325,5.1,2576,73,57,21.38,4,10,-372,-44,1024,1023,849,0,0,-1024,0,-1,-1,1,-1,0,-1,1,-1,0x000000000000000A,8.0
2020-02-08,15:34:28.150,81,8.0,3326,6.6,2491,72,57,21.44,28,-2,1024,12,1024,1023,849,0,0,-1024,0,-1,-1,1,-1,0,-1,1,-1,0x000000000000000A,8.0
2020-02-08,15:34:28.690,80,8.0,3336,85.7,1925,71,57,20.61,10,-206,1024,-12,1024,1023,849,0,0,-1024,0,-1,-1,1,-1,0,-1,1,-1,0x000000000000000A,8.0
2020-02-08,15:34:29.190,83,8.0,3352,105.6,1922,71,57,20.32,9,-472,770,-88,1024,1023,849,0,0,-1024,1,-1,-1,1,-1,0,-1,1,-1,0x000000000000000A,8.0
2020-02-08,15:34:29.730,86,7.9,3364,39.3,2063,71,57,21.01,-1018,486,231,-846,1024,1023,849,0,0,-1024,0,-1,-1,1,-1,0,-1,1,-1,0x000000000000000A,8.0
2020-02-08,15:34:30.230,80,7.9,3369,30.8,2091,71,57,21.16,-912,-31,130,36,1024,1023,849,0,0,-1024,0,-1,-1,1,-1,0,-1,1,-1,0x000000000000000A,8.0
2020-02-08,15:34:30.780,83,7.9,3373,25.3,2077,71,58,21.30,-183,32,17,-226,1024,1023,849,0,0,-1024,0,-1,-1,1,-1,0,-1,1,-1,0x000000000000000A,8.0
2020-02-08,15:34:31.320,86,8.0,3377,20.3,2075,70,58,21.38,-7,334,55,-14,1024,1023,849,0,0,-1024,0,-1,-1,1,-1,-1,-1,1,-1,0x0000000000000009,8.0
2020-02-08,15:34:31.870,77,8.0,3380,14.5,2071,69,58,21.46,8,103,10,-196,1024,1023,849,0,0,-1024,0,-1,-1,1,-1,-1,-1,1,-1,0x0000000000000009,8.0
2020-02-08,15:34:32.400,85,8.0,3383,16.2,2048,68,58,21.50,9,139,-36,-13,1024,1023,849,0,0,-1024,0,-1,-1,1,-1,-1,-1,1,-1,0x0000000000000009,8.0
2020-02-08,15:34:32.930,87,8.0,3385,16.5,2017,67,58,21.53,9,-228,94,-10,1024,1023,849,0,0,-1024,0,-1,-1,1,-1,-1,-1,1,-1,0x0000000000000009,8.0
2020-02-08,15:34:33.460,83,8.0,3388,12.4,1947,67,58,21.58,25,24,114,124,1024,1023,849,0,0,-1024,0,-1,-1,1,-1,-1,-1,1,-1,0x0000000000000009,8.0
2020-02-08,15:34:33.980,84,8.0,3391,14.8,1899,66,58,21.59,22,-97,305,-21,1024,1023,849,0,0,-1024,0,-1,-1,1,-1,-1,-1,1,-1,0x0000000000000009,8.0
2020-02-08,15:34:34.500,82,8.0,3393,13.9,1801,65,58,21.59,100,-4,295,-12,1024,1023,850,0,0,-1024,0,-1,-1,1,-1,-1,-1,1,-1,0x0000000000000009,8.0
2020-02-08,15:34:35.030,88,8.0,3396,18.3,1767,65,58,21.59,53,3,346,2,1024,1023,849,0,0,-1024,0,-1,-1,1,-1,-1,-1,1,-1,0x0000000000000009,8.0
