Date,Time,RSSI(dB),Volt(V),Amps(A),RPM(rpm),Rud,Ele,Thr,Ail,S1,6P,S2,EX1,EX2,LS,RS,SA,SB,SC,SD,SE,SF,SG,SH,LSW,TxBat(V)
2020-02-08,16:18:45.000,106,24.80,0.4,0,10,16,-426,-14,1024,1023,-425,0,0,-641,-1,-1,-1,1,-1,-1,-1,1,-1,0x0000000000000009,8.0
2020-02-08,16:18:45.500,101,24.80,0.4,0,10,14,-367,-14,1024,1023,-425,0,0,-639,-1,-1,-1,1,-1,-1,-1,1,-1,0x0000000000000009,8.0
2020-02-08,16:18:46.000,99,24.80,0.4,0,11,16,-339,-14,1024,1023,-425,0,0,-639,-1,-1,-1,1,-1,-1,-1,1,-1,0x0000000000000009,8.0
2020-02-08,16:18:46.510,93,24.80,0.4,0,-5,14,-360,-14,1024,1023,-425,0,0,-641,-1,-1,-1,1,-1,-1,-1,1,-1,0x0000000000000009,8.0
2020-02-08,16:18:47.020,98,24.80,0.4,0,10,13,-378,-14,1024,1023,-426,0,0,-641,-1,-1,-1,1,-1,-1,-1,1,-1,0x0000000000000009,8.0
2020-02-08,16:18:47.520,93,24.80,0.4,0,14,-30,-377,-18,1024,1023,-425,0,0,-639,-1,-1,-1,1,-1,-1,-1,1,-1,0x0000000000000009,8.0
2020-02-08,16:18:48.030,99,24.80,0.4,0,10,-162,-376,-15,1024,1023,-425,0,0,-641,-1,-1,-1,1,-1,-1,-1,1,-1,0x0000000000000009,8.0
2020-02-08,16:18:48.530,99,24.80,0.4,0,10,-21,-373,-15,1024,1023,-425,0,0,-641,-1,-1,-1,1,-1,-1,-1,1,-1,0x0000000000000009,8.0
2020-02-08,16:18:49.040,96,24.80,0.4,0,10,-72,-309,-14,1024,1023,-425,0,0,-641,-1,-1,-1,1,-1,-1,-1,1,-1,0x0000000000000009,8.0
2020-02-08,16:18:49.550,94,24.80,0.4,0,-84,-31,-285,-14,1024,1023,-426,0,0,-641,-1,-1,-1,1,-1,-1,-1,1,-1,0x0000000000000009,8.0
2020-02-08,16:18:50.050,77,24.80,0.4,0,-104,13,-250,-14,1024,1023,-425,0,0,-641,-1,-1,-1,1,-1,-1,-1,1,-1,0x0000000000000009,8.0
2020-02-08,16:18:50.550,96,24.80,0.4,0,10,17,-263,-14,1024,1023,-426,0,0,-641,-1,-1,-1,1,-1,-1,-1,1,-1,0x0000000000000009,8.0
2020-02-08,16:18:51.060,95,24.80,0.4,0,10,16,-223,-12,1024,1023,-426,0,0,-641,-1,-1,-1,1,-1,-1,-1,1,-1,0x0000000000000009,8.0
2020-02-08,16:18:51.570,97,24.80,0.4,0,10,19,-208,13,1024,1023,-426,0,0,-641,-1,-1,-1,1,-1,-1,-1,1,-1,0x0000000000000009,8.0
2020-02-08,16:18:52.080,102,24.80,0.4,0,11,40,-142,-14,1024,1023,-425,0,0,-641,-1,-1,-1,1,-1,-1,-1,1,-1,0x0000000000000009,8.0
2020-02-08,16:18:52.580,96,24.80,0.4,0,10,46,3,-15,1024,1023,-425,0,0,-641,-1,-1,-1,1,-1,-1,-1,1,-1,0x0000000000000009,8.0
2020-02-08,16:18:53.090,96,24.80,0.4,0,10,18,170,-19,1024,1023,-426,0,0,-642,-1,-1,-1,1,-1,-1,-1,1,-1,0x0000000000000009,8.0
2020-02-08,16:18:53.600,96,24.80,0.4,0,-14,-88,379,39,1024,1023,-425,0,0,-641,-1,-1,-1,1,-1,-1,-1,1,-1,0x0000000000000009,8.0
2020-02-08,16:18:54.100,89,24.80,0.4,0,11,-113,135,123,1024,1023,-425,0,0,-641,-1,-1,-1,1,-1,-1,-1,1,-1,0x0000000000000009,8.0
2020-02-08,16:18:54.610,97,24.80,0.4,0,10,123,332,-14,1024,1023,-425,0,0,-641,-1,-1,-1,1,-1,-1,-1,1,-1,0x0000000000000009,8.0
2020-02-08,16:18:55.120,95,24.80,0.4,0,10,-68,196,-54,1024,1023,-425,0,0,-641,-1,-1,-1,1,-1,-1,-1,1,-1,0x0000000000000009,8.0
2020-02-08,16:18:55.620,94,24.80,0.4,0,14,-56,221,-26,1024,1023,-426,0,0,-641,-1,-1,-1,1,-1,-1,-1,1,-1,0x0000000000000009,8.0
2020-02-08,16:18:56.140,97,24.80,0.4,0,12,12,202,-54,1024,1023,-425,0,0,-641,-1,-1,-1,1,-1,0,-1,1,-1,0x000000000000000A,8.0
2020-02-08,16:18:56.650,94,24.80,0.4,0,11,16,196,-13,1024,1023,-426,0,0,-642,-1,-1,-1,1,-1,0,-1,1,-1,0x000000000000000A,8.0
2020-02-08,16:18:57.180,97,24.80,0.4,0,-366,35,126,-38,1024,1023,-425,0,0,-641,-1,-1,-1,1,-1,0,-1,1,-1,0x000000000000000A,8.0
2020-02-08,16:18:57.680,82,24.80,0.4,0,-145,16,182,190,1024,1023,-426,0,0,-642,-1,-1,-1,1,-1,0,-1,1,-1,0x000000000000000A,8.0
2020-02-08,16:18:58.190,88,24.80,0.4,0,9,14,128,-12,1024,1023,-425,0,0,-642,-1,-1,-1,1,-1,0,-1,1,-1,0x000000000000000A,8.0
2020-02-08,16:18:58.700,90,24.80,0.4,0,11,12,156,-101,1024,1023,-425,0,0,-641,-1,-1,-1,1,-1,1,-1,1,-1,0x000000000000000C,8.0
2020-02-08,16:18:59.230,88,24.80,0.4,0,10,-15,137,-101,1024,1023,-425,0,0,-641,-1,-1,-1,1,-1,1,-1,1,-1,0x000000000000000C,8.0
2020-02-08,16:18:59.740,94,24.80,0.4,0,10,34,236,-33,1024,1023,-426,0,0,-642,-1,-1,-1,1,-1,1,-1,1,-1,0x000000000000000C,8.0
2020-02-08,16:19:00.250,77,24.80,0.4,0,10,-60,211,-14,1024,1023,-426,0,0,-642,-1,-1,-1,1,-1,0,-1,1,-1,0x000000000000000A,8.0
2020-02-08,16:19:00.760,88,24.80,0.4,0,25,27,155,15,1024,1023,-425,0,0,-642,-1,-1,-1,1,-1,0,-1,1,-1,0x000000000000000A,8.0
2020-02-08,16:19:01.280,81,24.80,0.4,0,11,-123,1024,-15,1024,1023,-425,0,0,-641,-1,-1,-1,1,-1,0,-1,1,-1,0x000000000000000A,8.0
2020-02-08,16:19:01.790,85,24.80,0.4,0,11,-322,1024,7,1024,1023,-425,0,0,-641,-1,-1,-1,1,-1,0,-1,1,-1,0x000000000000000A,8.0
2020-02-08,16:19:02.290,80,24.80,0.4,0,11,-723,1024,-10,1024,1023,-425,0,0,-642,-1,-1,-1,1,-1,0,-1,1,-1,0x000000000000000A,8.0
2020-02-08,16:19:02.800,73,24.80,0.4,0,-12,-127,-178,-14,1024,1023,-425,0,0,-641,-1,-1,-1,1,-1,0,-1,1,-1,0x000000000000000A,8.0
2020-02-08,16:19:03.310,77,24.80,0.4,0,8,12,-557,-15,1024,1023,-425,0,0,-641,-1,-1,-1,1,-1,0,-1,1,-1,0x000000000000000A,8.0
2020-02-08,16:19:03.810,86,24.80,0.4,0,-151,1,-681,-18,1024,1023,-426,0,0,-641,-1,-1,-1,1,-1,0,-1,1,-1,0x000000000000000A,8.0
2020-02-08,16:19:04.320,79,24.80,0.4,0,-50,-14,-706,-30,1024,1023,-425,0,0,-641,-1,-1,-1,1,-1,0,-1,1,-1,0x000000000000000A,8.0
2020-02-08,16:19:04.820,74,24.80,0.4,0,49,-676,-383,-16,1024,1023,-425,0,0,-642,-1,-1,-1,1,-1,0,-1,1,-1,0x000000000000000A,8.0
2020-02-08,16:19:05.330,73,24.80,0.4,0,10,-116,-24,-14,1024,1023,-426,0,0,-642,-1,-1,-1,1,-1,0,-1,1,-1,0x000000000000000A,8.0
2020-02-08,16:19:05.840,72,24.80,0.4,0,-32,-5,508,-47,1024,1023,-426,0,0,-642,-1,-1,-1,1,-1,0,-1,1,-1,0x000000000000000A,8.0
2020-02-08,16:19:06.350,79,24.80,0.4,0,-15,-101,760,5,1024,1023,-425,0,0,-641,-1,-1,-1,1,-1,0,-1,1,-1,0x000000000000000A,8.0
2020-02-08,16:19:06.850,74,24.80,0.4,0,-15,-25,869,-13,1024,1023,-425,0,0,-641,-1,-1,-1,1,-1,0,-1,1,-1,0x000000000000000A,8.0
2020-02-08,16:19:07.360,75,24.80,0.4,0,-55,-1024,-377,109,1024,1023,-426,0,0,-641,-1,-1,-1,1,-1,0,-1,1,-1,0x000000000000000A,8.0
2020-02-08,16:19:07.870,79,24.80,0.4,0,-92,6,-661,-16,1024,1023,-425,0,0,-642,-1,-1,-1,1,-1,0,-1,1,-1,0x000000000000000A,8.0
2020-02-08,16:19:08.380,63,24.80,0.4,0,-76,12,-381,348,1024,1023,-425,0,0,-641,-1,-1,-1,1,-1,0,-1,1,-1,0x000000000000000A,8.0
2020-02-08,16:19:08.880,80,24.80,0.4,0,-69,-61,81,218,1024,1023,-425,0,0,-641,-1,-1,-1,1,-1,0,-1,1,-1,0x000000000000000A,8.0
2020-02-08,16:19:09.390,81,24.80,0.4,0,8,-330,-14,-159,1024,1023,-426,0,0,-641,-1,-1,-1,1,-1,0,-1,1,-1,0x000000000000000A,8.0
2020-02-08,16:19:09.900,80,24.80,0.4,0,-18,-317,-59,275,1024,1023,-426,0,0,-641,-1,-1,-1,1,-1,0,-1,1,-1,0x000000000000000A,8.0
2020-02-08,16:19:10.410,71,24.80,0.4,0,-1024,-446,-455,-565,1024,1023,-425,0,0,-642,-1,-1,-1,1,-1,0,-1,1,-1,0x000000000000000A,8.0
2020-02-08,16:19:10.920,84,24.80,0.4,0,-892,-132,-142,549,1024,1023,-425,0,0,-642,-1,-1,-1,1,-1,0,-1,1,-1,0x000000000000000A,8.0
2020-02-08,16:19:11.430,79,24.80,0.4,0,-27,-192,3,627,1024,1023,-426,0,0,-642,-1,-1,-1,1,-1,0,-1,1,-1,0x000000000000000A,8.0
2020-02-08,16:19:11.940,86,24.80,0.4,0,-164,70,-426,-774,1024,1023,-426,0,0,-642,-1,-1,-1,1,-1,0,-1,1,-1,0x000000000000000A,8.0
2020-02-08,16:19:12.440,85,24.80,0.4,0,203,-28,746,397,1024,1023,-425,0,0,-641,-1,-1,-1,1,-1,0,-1,1,-1,0x000000000000000A,8.0
2020-02-08,16:19:12.950,83,24.80,0.4,0,262,-72,769,674,1024,1023,-425,0,0,-641,-1,-1,-1,1,-1,0,-1,1,-1,0x000000000000000A,8.0
2020-02-08,16:19:13.460,71,24.80,0.4,0,164,-92,848,850,1024,1023,-425,0,0,-641,-1,-1,-1,1,-1,0,-1,1,-1,0x000000000000000A,8.0
2020-02-08,16:19:13.970,72,24.80,0.4,0,159,21,987,383,1024,1023,-426,0,0,-641,-1,-1,-1,1,-1,0,-1,1,-1,0x000000000000000A,8.0
2020-02-08,16:19:14.470,72,24.80,0.4,0,182,86,928,167,1024,1023,-426,0,0,-642,-1,-1,-1,1,-1,0,-1,1,-1,0x000000000000000A,8.0
2020-02-08,16:19:14.980,86,24.80,0.4,0,-175,14,-684,-687,1024,1023,-425,0,0,-641,-1,-1,-1,1,-1,0,-1,1,-1,0x000000000000000A,8.0
2020-02-08,16:19:15.490,85,24.80,0.4,0,33,99,-173,-565,1024,1023,-425,0,0,-641,-1,-1,-1,1,-1,0,-1,1,-1,0x000000000000000A,8.0
2020-02-08,16:19:16.000,80,24.80,0.4,0,33,-45,-160,357,1024,1023,-425,0,0,-642,-1,-1,-1,1,-1,0,-1,1,-1,0x000000000000000A,8.0
2020-02-08,16:19:16.500,87,24.80,0.4,0,25,78,43,-802,1024,1023,-426,0,0,-642,-1,-1,-1,1,-1,0,-1,1,-1,0x000000000000000A,8.0
2020-02-08,16:19:17.010,88,24.80,0.4,0,219,-79,590,670,1024,1023,-425,0,0,-642,-1,-1,-1,1,-1,0,-1,1,-1,0x000000000000000A,8.0
2020-02-08,16:19:17.520,78,24.80,0.4,0,-208,56,-581,136,1024,1023,-426,0,0,-641,-1,-1,-1,1,-1,0,-1,1,-1,0x000000000000000A,8.0
2020-02-08,16:19:18.030,89,24.80,0.4,0,-101,54,-315,-1024,1024,1023,-425,0,0,-641,-1,-1,-1,1,-1,0,-1,1,-1,0x000000000000000A,8.0
2020-02-08,16:19:18.540,86,24.80,0.4,0,-196,-328,-360,213,1024,1023,-426,0,0,-642,-1,-1,-1,1,-1,0,-1,1,-1,0x000000000000000A,8.0
2020-02-08,16:19:19.050,62,24.80,0.4,0,-520,209,-926,-18,1024,1023,-426,0,0,-641,-1,-1,-1,1,-1,0,-1,1,-1,0x000000000000000A,8.0
2020-02-08,16:19:19.560,85,24.80,0.4,0,-710,587,709,-699,1024,1023,-425,0,0,-641,-1,-1,-1,1,-1,0,-1,1,-1,0x000000000000000A,8.0
2020-02-08,16:19:20.070,88,24.80,0.4,0,-226,-373,-251,259,1024,1023,-426,0,0,-641,-1,-1,-1,1,-1,0,-1,1,-1,0x000000000000000A,8.0
2020-02-08,16:19:20.580,88,24.80,0.4,0,-947,391,-87,191,1024,1023,-426,0,0,-642,-1,-1,-1,1,-1,0,-1,1,-1,0x000000000000000A,8.0
2020-02-08,16:19:21.090,81,24.80,0.4,0,-311,-282,746,23,1024,1023,-425,0,0,-641,-1,-1,-1,1,-1,0,-1,1,-1,0x000000000000000A,8.0
2020-02-08,16:19:21.600,83,24.80,0.4,0,-134,-734,-292,388,1024,1023,-425,0,0,-641,-1,-1,-1,1,-1,0,-1,1,-1,0x000000000000000A,8.0
2020-02-08,16:19:22.110,85,24.80,0.4,0,-761,347,917,-283,1024,1023,-426,0,0,-641,-1,-1,-1,1,-1,0,-1,1,-1,0x000000000000000A,8.0
2020-02-08,16:19:22.620,81,24.80,0.4,0,146,5,715,645,1024,1023,-425,0,0,-642,-1,-1,-1,1,-1,0,-1,1,-1,0x000000000000000A,8.0
2020-02-08,16:19:23.130,86,24.80,0.4,0,131,-695,776,-58,1024,1023,-426,0,0,-642,-1,-1,-1,1,-1,0,-1,1,-1,0x000000000000000A,8.0
2020-02-08,16:19:23.640,87,24.80,0.4,0,-1024,269,620,-83,1024,1023,-425,0,0,-641,-1,-1,-1,1,-1,0,-1,1,-1,0x000000000000000A,8.0
2020-02-08,16:19:24.150,90,24.80,0.4,0,-304,939,-392,36,1024,1023,-425,0,0,-641,-1,-1,-1,1,-1,0,-1,1,-1,0x000000000000000A,8.0
2020-02-08,16:19:24.660,84,24.80,0.4,0,-1024,264,-712,845,1024,1023,-425,0,0,-641,-1,-1,-1,1,-1,0,-1,1,-1,0x000000000000000A,8.0
2020-02-08,16:19:25.170,85,24.80,0.4,0,-497,541,-618,-14,1024,1023,-425,0,0,-642,-1,-1,-1,1,-1,0,-1,1,-1,0x000000000000000A,8.0
2020-02-08,16:19:25.680,83,24.80,0.4,0,-960,345,-812,-117,1024,1023,-425,0,0,-642,-1,-1,-1,1,-1,0,-1,1,-1,0x000000000000000A,8.0
2020-02-08,16:19:26.190,86,24.80,0.4,0,-426,-7,113,967,1024,1023,-426,0,0,-642,-1,-1,-1,1,-1,0,-1,1,-1,0x000000000000000A,8.0
2020-02-08,16:19:26.690,83,24.80,0.4,0,62,-808,393,362,1024,1023,-425,0,0,-642,-1,-1,-1,1,-1,0,-1,1,-1,0x000000000000000A,8.0
2020-02-08,16:19:27.200,85,24.80,0.4,0,-967,393,879,-55,1024,1023,-425,0,0,-642,-1,-1,-1,1,-1,0,-1,1,-1,0x000000000000000A,8.0
2020-02-08,16:19:27.710,72,24.80,0.4,0,-191,534,-156,86,1024,1023,-425,0,0,-642,-1,-1,-1,1,-1,0,-1,1,-1,0x000000000000000A,8.0
2020-02-08,16:19:28.220,66,24.80,0.4,0,9,14,-102,-14,1024,1023,-425,0,0,-641,-1,-1,-1,1,-1,0,-1,1,-1,0x000000000000000A,8.0
2020-02-08,16:19:28.730,85,24.80,0.4,0,10,78,275,-13,1024,1023,-425,0,0,-641,-1,-1,-1,1,-1,0,-1,1,-1,0x000000000000000A,8.0
2020-02-08,16:19:29.240,84,24.80,0.4,0,-263,-340,1005,205,1024,1023,-426,0,0,-642,-1,-1,-1,1,-1,0,-1,1,-1,0x000000000000000A,8.0
2020-02-08,16:19:29.750,78,24.80,0.4,0,2,-422,1024,-98,1024,1023,-426,0,0,-641,-1,-1,-1,1,-1,0,-1,1,-1,0x000000000000000A,8.0
2020-02-08,16:19:30.260,80,24.80,0.4,0,11,-321,28,-191,1024,1023,-426,0,0,-641,-1,-1,-1,1,-1,0,-1,1,-1,0x000000000000000A,8.0
2020-02-08,16:19:30.770,89,24.80,0.4,0,-4,-447,-829,-18,1024,1023,-426,0,0,-642,-1,-1,-1,1,-1,0,-1,1,-1,0x000000000000000A,8.0
2020-02-08,16:19:31.280,82,24.80,0.4,0,79,13,-1024,4,1024,1023,-426,0,0,-642,-1,-1,-1,1,-1,0,-1,1,-1,0x000000000000000A,8.0
2020-02-08,16:19:31.790,65,24.80,0.4,0,97,-956,192,-12,1024,1023,-426,0,0,-642,-1,-1,-1,1,-1,0,-1,1,-1,0x000000000000000A,8.0
2020-02-08,16:19:32.300,77,24.80,0.4,0,10,-2,-307,-16,1024,1023,-425,0,0,-641,-1,-1,-1,1,-1,0,-1,1,-1,0x000000000000000A,8.0
2020-02-08,16:19:32.810,71,24.80,0.4,0,4,-107,40,-15,1024,1023,-425,0,0,-641,-1,-1,-1,1,-1,0,-1,1,-1,0x000000000000000A,8.0
2020-02-08,16:19:33.320,72,24.80,0.4,0,-83,-279,141,266,1024,1023,-425,0,0,-642,-1,-1,-1,1,-1,0,-1,1,-1,0x000000000000000A,8.0
2020-02-08,16:19:33.830,70,24.80,0.4,0,8,-1,56,-55,1024,1023,-426,0,0,-642,-1,-1,-1,1,-1,0,-1,1,-1,0x000000000000000A,8.0
2020-02-08,16:19:34.340,84,24.80,0.4,0,5,-51,35,-36,1024,1023,-426,0,0,-641,-1,-1,-1,1,-1,0,-1,1,-1,0x000000000000000A,8.0
2020-02-08,16:19:34.850,85,24.80,0.4,0,-11,-198,112,-14,1024,1023,-425,0,0,-642,-1,-1,-1,1,-1,0,-1,1,-1,0x000000000000000A,8.0
2020-02-08,16:19:35.360,86,24.80,0.4,0,120,-133,813,438,1024,1023,-425,0,0,-642,-1,-1,-1,1,-1,0,-1,1,-1,0x000000000000000A,8.0
2020-02-08,16:19:35.870,89,24.80,0.4,0,-4,-241,-72,135,1024,1023,-426,0,0,-642,-1,-1,-1,1,-1,0,-1,1,-1,0x000000000000000A,8.0
2020-02-08,16:19:36.380,92,24.80,0.4,0,9,-347,-158,-79,1024,1023,-425,0,0,-641,-1,-1,-1,1,-1,0,-1,1,-1,0x000000000000000A,8.0
2020-02-08,16:19:36.890,90,24.80,0.4,0,-71,-1024,-999,76,1024,1023,-426,0,0,-642,-1,-1,-1,1,-1,0,-1,1,-1,0x000000000000000A,8.0
2020-02-08,16:19:37.400,91,24.80,0.4,0,-764,164,80,356,1024,1023,-426,0,0,-642,-1,-1,-1,1,-1,0,-1,1,-1,0x000000000000000A,8.0
2020-02-08,16:19:37.900,93,24.80,0.4,0,-265,-456,241,680,1024,1023,-426,0,0,-642,-1,-1,-1,1,-1,0,-1,1,-1,0x000000000000000A,8.0
2020-02-08,16:19:38.420,87,24.80,0.4,0,-848,656,342,49,1024,1023,-425,0,0,-641,-1,-1,-1,1,-1,0,-1,1,-1,0x000000000000000A,8.0
2020-02-08,16:19:38.920,93,24.80,0.4,0,-47,16,740,-8,1024,1023,-425,0,0,-641,-1,-1,-1,1,-1,0,-1,1,-1,0x000000000000000A,8.0
2020-02-08,16:19:39.430,89,24.80,0.4,0,-49,-314,-63,280,1024,1023,-425,0,0,-642,-1,-1,-1,1,-1,0,-1,1,-1,0x000000000000000A,8.0
2020-02-08,16:19:39.940,94,24.80,0.4,0,-1024,309,-307,-1024,1024,1023,-426,0,0,-641,-1,-1,-1,1,-1,0,-1,1,-1,0x000000000000000A,8.0
2020-02-08,16:19:40.460,88,24.80,0.4,0,-402,20,303,184,1024,1023,-426,0,0,-642,-1,-1,-1,1,-1,0,-1,1,-1,0x000000000000000A,8.0
2020-02-08,16:19:40.970,88,24.80,0.4,0,-114,230,281,-495,1024,1023,-425,0,0,-642,-1,-1,-1,1,-1,0,-1,1,-1,0x000000000000000A,8.0
2020-02-08,16:19:41.480,86,24.80,0.4,0,-271,-170,102,-75,1024,1023,-425,0,0,-641,-1,-1,-1,1,-1,0,-1,1,-1,0x000000000000000A,8.0
2020-02-08,16:19:41.990,96,24.80,0.4,0,16,312,244,-87,1024,1023,-426,0,0,-642,-1,-1,-1,1,-1,0,-1,1,-1,0x000000000000000A,8.0
2020-02-08,16:19:42.500,91,24.80,0.4,0,-37,390,-8,-9,1024,1023,-425,0,0,-641,-1,-1,-1,1,-1,0,-1,1,-1,0x000000000000000A,8.0
2020-02-08,16:19:43.010,87,24.80,0.4,0,-24,323,-17,-162,1024,1023,-425,0,0,-641,-1,-1,-1,1,-1,0,-1,1,-1,0x000000000000000A,8.0
2020-02-08,16:19:43.520,87,24.80,0.4,0,-34,160,-197,-71,1024,1023,-425,0,0,-642,-1,-1,-1,1,-1,0,-1,1,-1,0x000000000000000A,8.0
2020-02-08,16:19:44.040,78,24.80,0.4,0,-67,194,-118,-49,1024,1023,-425,0,0,-641,-1,-1,-1,1,-1,1,-1,1,-1,0x000000000000000C,8.0
2020-02-08,16:19:44.560,86,24.80,0.4,0,10,120,-213,-13,1024,1023,-425,0,0,-642,-1,-1,-1,1,-1,1,-1,1,-1,0x000000000000000C,8.0
2020-02-08,16:19:45.090,91,24.80,0.4,0,-37,-170,-256,-13,1024,1023,-426,0,0,-642,-1,-1,-1,1,-1,-1,-1,1,-1,0x0000000000000009,8.0
2020-02-08,16:19:45.610,95,24.80,0.4,0,10,-75,-182,-32,1024,1023,-425,0,0,-642,-1,-1,-1,1,-1,-1,-1,1,-1,0x0000000000000009,8.0
2020-02-08,16:19:46.140,93,24.80,0.4,0,-710,14,-124,-15,1024,1023,-425,0,0,-641,-1,-1,-1,1,-1,-1,-1,1,-1,0x0000000000000009,8.0
2020-02-08,16:19:46.690,91,24.80,0.4,0,-695,14,42,-15,1024,1023,-425,0,0,-642,-1,-1,-1,1,-1,-1,-1,1,-1,0x0000000000000009,8.0
2020-02-08,16:19:47.210,86,24.80,0.4,0,-413,-83,-139,-150,1024,1023,-426,0,0,-642,-1,-1,-1,1,-1,-1,-1,1,-1,0x0000000000000009,8.0
2020-02-08,16:19:47.720,92,24.80,0.4,0,-251,-47,-256,-15,1024,1023,-425,0,0,-642,-1,-1,-1,1,-1,-1,-1,1,-1,0x0000000000000009,8.0
2020-02-08,16:19:48.230,93,24.80,0.4,0,9,-43,-45,-13,1024,1023,-425,0,0,-641,-1,-1,-1,1,-1,-1,-1,1,-1,0x0000000000000009,8.0
2020-02-08,16:19:48.740,89,24.80,0.4,0,123,-79,-200,66,1024,1023,-425,0,0,-641,-1,-1,-1,1,-1,-1,-1,1,-1,0x0000000000000009,8.0
2020-02-08,16:19:49.250,93,24.80,0.4,0,2,-10,-259,-42,1024,1023,-426,0,0,-641,-1,-1,-1,1,-1,-1,-1,1,-1,0x0000000000000009,8.0
2020-02-08,16:19:49.760,95,24.80,0.4,0,-18,-95,-190,-21,1024,1023,-425,0,0,-642,-1,-1,-1,1,-1,-1,-1,1,-1,0x0000000000000009,8.0
2020-02-08,16:19:50.270,95,24.80,0.4,0,-50,-473,-141,2,1024,1023,-425,0,0,-641,-1,-1,-1,1,-1,-1,-1,1,-1,0x0000000000000009,8.0
2020-02-08,16:19:50.790,87,24.80,0.4,0,-30,-648,211,155,1024,1023,-425,0,0,-641,-1,-1,-1,1,-1,-1,-1,1,-1,0x0000000000000009,8.0
2020-02-08,16:19:51.300,92,24.80,0.4,0,-23,-117,546,-75,1024,1023,-425,0,0,-642,-1,-1,-1,1,-1,-1,-1,1,-1,0x0000000000000009,8.0
2020-02-08,16:19:51.810,96,24.80,0.4,0,9,-820,312,-16,1024,1023,-426,0,0,-642,-1,-1,-1,1,-1,-1,-1,1,-1,0x0000000000000009,8.0
2020-02-08,16:19:52.320,88,24.80,0.4,0,10,-366,108,409,1024,1023,-426,0,0,-642,-1,-1,-1,1,-1,-1,-1,1,-1,0x0000000000000009,8.0
2020-02-08,16:19:52.840,85,24.80,0.4,0,9,-568,-228,106,1024,1023,-425,0,0,-641,-1,-1,-1,1,-1,-1,-1,1,-1,0x0000000000000009,8.0
2020-02-08,16:19:53.350,103,24.80,0.4,0,10,-259,-318,-56,1024,1023,-425,0,0,-641,-1,-1,-1,1,-1,-1,-1,1,-1,0x0000000000000009,8.0
2020-02-08,16:19:53.860,93,24.80,0.4,0,-34,-387,-14,-15,1024,1023,-425,0,0,-642,-1,-1,-1,1,-1,-1,-1,1,-1,0x0000000000000009,8.0
2020-02-08,16:19:54.370,95,24.80,0.4,0,9,-243,330,-12,1024,1023,-425,0,0,-641,-1,-1,-1,1,-1,-1,-1,1,-1,0x0000000000000009,8.0
2020-02-08,16:19:54.890,95,24.80,0.4,0,10,-124,482,-14,1024,1023,-425,0,0,-642,-1,-1,-1,1,-1,-1,-1,1,-1,0x0000000000000009,8.0
2020-02-08,16:19:55.400,91,24.80,0.4,0,10,-190,388,-131,1024,1023,-425,0,0,-641,-1,-1,-1,1,-1,-1,-1,1,-1,0x0000000000000009,8.0
2020-02-08,16:19:55.910,87,24.80,0.4,0,10,-484,68,-14,1024,1023,-425,0,0,-641,-1,-1,-1,1,-1,-1,-1,1,-1,0x0000000000000009,8.0
2020-02-08,16:19:56.420,91,24.80,0.4,0,12,-387,-139,-16,1024,1023,-426,0,0,-642,-1,-1,-1,1,-1,-1,-1,1,-1,0x0000000000000009,8.0
2020-02-08,16:19:56.930,96,24.80,0.4,0,11,-692,-180,46,1024,1023,-425,0,0,-642,-1,-1,-1,1,-1,-1,-1,1,-1,0x0000000000000009,8.0
2020-02-08,16:19:57.450,100,24.80,0.4,0,9,-722,76,-50,1024,1023,-425,0,0,-641,-1,-1,-1,1,-1,-1,-1,1,-1,0x0000000000000009,8.0
2020-02-08,16:19:57.960,95,24.80,0.4,0,9,21,435,-112,1024,1023,-426,0,0,-642,-1,-1,-1,1,-1,-1,-1,1,-1,0x0000000000000009,8.0
2020-02-08,16:19:58.470,89,24.80,0.4,0,-142,11,162,-91,1024,1023,-425,0,0,-641,-1,-1,-1,1,-1,-1,-1,1,-1,0x0000000000000009,8.0
2020-02-08,16:19:58.980,93,24.80,0.4,0,-510,14,252,-181,1024,1023,-426,0,0,-642,-1,-1,-1,1,-1,-1,-1,1,-1,0x0000000000000009,8.0
2020-02-08,16:19:59.490,100,24.80,0.4,0,-338,-46,135,-294,1024,1023,-425,0,0,-641,-1,-1,-1,1,-1,-1,-1,1,-1,0x0000000000000009,8.0
2020-02-08,16:20:00.000,85,24.80,0.4,0,-413,-61,242,-27,1024,1023,-425,0,0,-641,-1,-1,-1,1,-1,-1,-1,1,-1,0x0000000000000009,8.0
2020-02-08,16:20:00.510,72,24.80,0.4,0,6,-695,519,29,1024,1023,-426,0,0,-642,-1,-1,-1,1,-1,-1,-1,1,-1,0x0000000000000009,8.0
2020-02-08,16:20:01.030,93,24.80,0.4,0,11,-750,-106,-121,1024,1023,-426,0,0,-642,-1,-1,-1,1,-1,-1,-1,1,-1,0x0000000000000009,8.0
2020-02-08,16:20:01.540,95,24.80,0.4,0,-36,-656,-394,-29,1024,1023,-425,0,0,-642,-1,-1,-1,1,-1,-1,-1,1,-1,0x0000000000000009,8.0
2020-02-08,16:20:02.050,94,24.80,0.4,0,6,-282,35,-153,1024,1023,-425,0,0,-642,-1,-1,-1,1,-1,-1,-1,1,-1,0x0000000000000009,8.0
2020-02-08,16:20:02.560,93,24.80,0.4,0,12,-95,532,-85,1024,1023,-425,0,0,-642,-1,-1,-1,1,-1,-1,-1,1,-1,0x0000000000000009,8.0
2020-02-08,16:20:03.080,93,24.80,0.4,0,10,-1013,385,184,1024,1023,-426,0,0,-642,-1,-1,-1,1,-1,-1,-1,1,-1,0x0000000000000009,8.0
2020-02-08,16:20:03.590,98,24.80,0.4,0,12,-292,267,-62,1024,1023,-425,0,0,-642,-1,-1,-1,1,-1,-1,-1,1,-1,0x0000000000000009,8.0
2020-02-08,16:20:04.100,92,24.80,0.4,0,4,-419,-177,-4,1024,1023,-425,0,0,-642,-1,-1,-1,1,-1,-1,-1,1,-1,0x0000000000000009,8.0
2020-02-08,16:20:04.610,90,24.80,0.4,0,-35,-869,-448,149,1024,1023,-425,0,0,-642,-1,-1,-1,1,-1,-1,-1,1,-1,0x0000000000000009,8.0
2020-02-08,16:20:05.130,93,24.80,0.4,0,-3,-632,114,-89,1024,1023,-426,0,0,-642,-1,-1,-1,1,-1,-1,-1,1,-1,0x0000000000000009,8.0
2020-02-08,16:20:05.640,95,24.80,0.4,0,10,9,523,-55,1024,1023,-426,0,0,-642,-1,-1,-1,1,-1,-1,-1,1,-1,0x0000000000000009,8.0
2020-02-08,16:20:06.150,85,24.80,0.4,0,9,-898,361,132,1024,1023,-425,0,0,-642,-1,-1,-1,1,-1,-1,-1,1,-1,0x0000000000000009,8.0
2020-02-08,16:20:06.660,97,24.80,0.4,0,26,-542,144,-14,1024,1023,-425,0,0,-642,-1,-1,-1,1,-1,-1,-1,1,-1,0x0000000000000009,8.0
2020-02-08,16:20:07.170,91,24.80,0.4,0,27,-501,-164,-136,1024,1023,-425,0,0,-642,-1,-1,-1,1,-1,-1,-1,1,-1,0x0000000000000009,8.0
2020-02-08,16:20:07.680,94,24.80,0.4,0,42,-577,-245,-14,1024,1023,-426,0,0,-642,-1,-1,-1,1,-1,-1,-1,1,-1,0x0000000000000009,8.0
2020-02-08,16:20:08.190,93,24.80,0.4,0,11,-161,468,-116,1024,1023,-426,0,0,-642,-1,-1,-1,1,-1,-1,-1,1,-1,0x0000000000000009,8.0
2020-02-08,16:20:08.700,88,24.80,0.4,0,-5,-62,405,-91,1024,1023,-425,0,0,-641,-1,-1,-1,1,-1,-1,-1,1,-1,0x0000000000000009,8.0
2020-02-08,16:20:09.220,85,24.80,0.4,0,10,-506,108,-19,1024,1023,-426,0,0,-642,-1,-1,-1,1,-1,-1,-1,1,-1,0x0000000000000009,8.0
2020-02-08,16:20:09.730,95,24.80,0.4,0,-22,-640,-292,-252,1024,1023,-425,0,0,-642,-1,-1,-1,1,-1,-1,-1,1,-1,0x0000000000000009,8.0
2020-02-08,16:20:10.240,85,24.80,0.4,0,-908,423,-149,-319,1024,1023,-425,0,0,-642,-1,-1,-1,1,-1,-1,-1,1,-1,0x0000000000000009,8.0
2020-02-08,16:20:10.750,90,24.80,0.4,0,-350,-343,197,-9,1024,1023,-425,0,0,-642,-1,-1,-1,1,-1,-1,-1,1,-1,0x0000000000000009,8.0
2020-02-08,16:20:11.270,95,24.80,0.4,0,-730,269,426,126,1024,1023,-426,0,0,-642,-1,-1,-1,1,-1,-1,-1,1,-1,0x0000000000000009,8.0
2020-02-08,16:20:11.780,84,24.80,0.4,0,-81,-248,798,-7,1024,1023,-425,0,0,-641,-1,-1,-1,1,-1,-1,-1,1,-1,0x0000000000000009,8.0
2020-02-08,16:20:12.290,97,24.80,0.4,0,-271,-567,-415,-364,1024,1023,-426,0,0,-642,-1,-1,-1,1,-1,-1,-1,1,-1,0x0000000000000009,8.0
2020-02-08,16:20:12.800,93,24.80,0.4,0,-775,-105,-153,438,1024,1023,-425,0,0,-642,-1,-1,-1,1,-1,-1,-1,1,-1,0x0000000000000009,8.0
2020-02-08,16:20:13.320,96,24.80,0.4,0,-690,87,684,-740,1024,1023,-425,0,0,-642,-1,-1,-1,1,-1,-1,-1,1,-1,0x0000000000000009,8.0
2020-02-08,16:20:13.830,97,24.80,0.4,0,-193,24,299,407,1024,1023,-425,0,0,-642,-1,-1,-1,1,-1,-1,-1,1,-1,0x0000000000000009,8.0
2020-02-08,16:20:14.340,92,24.80,0.4,0,-81,-1024,-59,533,1024,1023,-425,0,0,-642,-1,-1,-1,1,-1,-1,-1,1,-1,0x0000000000000009,8.0
2020-02-08,16:20:14.850,87,24.80,0.4,0,-1024,646,-262,182,1024,1023,-426,0,0,-642,-1,-1,-1,1,-1,-1,-1,1,-1,0x0000000000000009,8.0
2020-02-08,16:20:15.360,86,24.80,0.4,0,-182,57,194,874,1024,1023,-425,0,0,-642,-1,-1,-1,1,-1,-1,-1,1,-1,0x0000000000000009,8.0
2020-02-08,16:20:15.870,88,24.80,0.4,0,-62,18,702,1001,1024,1023,-426,0,0,-642,-1,-1,-1,1,-1,-1,-1,1,-1,0x0000000000000009,8.0
2020-02-08,16:20:16.380,88,24.80,0.4,0,49,62,11,-887,1024,1023,-425,0,0,-641,-1,-1,-1,1,-1,-1,-1,1,-1,0x0000000000000009,8.0
2020-02-08,16:20:16.890,90,24.80,0.4,0,11,132,-270,-840,1024,1023,-425,0,0,-641,-1,-1,-1,1,-1,-1,-1,1,-1,0x0000000000000009,8.0
2020-02-08,16:20:17.410,88,24.80,0.4,0,-168,95,-593,-890,1024,1023,-425,0,0,-642,-1,-1,-1,1,-1,-1,-1,1,-1,0x0000000000000009,8.0
2020-02-08,16:20:17.920,83,24.80,0.4,0,-35,131,-469,-888,1024,1023,-426,0,0,-642,-1,-1,-1,1,-1,-1,-1,1,-1,0x0000000000000009,8.0
2020-02-08,16:20:18.430,69,24.80,0.4,0,178,31,217,-923,1024,1023,-425,0,0,-642,-1,-1,-1,1,-1,-1,-1,1,-1,0x0000000000000009,8.0
2020-02-08,16:20:18.950,88,24.80,0.4,0,127,123,818,4,1024,1023,-425,0,0,-642,-1,-1,-1,1,-1,-1,-1,1,-1,0x0000000000000009,8.0
2020-02-08,16:20:19.460,89,24.80,0.4,0,177,-12,547,769,1024,1023,-425,0,0,-642,-1,-1,-1,1,-1,-1,-1,1,-1,0x0000000000000009,8.0
2020-02-08,16:20:19.980,86,24.80,0.4,0,183,11,642,981,1024,1023,-425,0,0,-642,-1,-1,-1,1,-1,-1,-1,1,-1,0x0000000000000009,8.0
2020-02-08,16:20:20.490,86,24.80,0.4,0,-55,47,-7,935,1024,1023,-426,0,0,-641,-1,-1,-1,1,-1,-1,-1,1,-1,0x0000000000000009,8.0
2020-02-08,16:20:21.000,81,24.80,0.4,0,-1,5,-311,650,1024,1023,-425,0,0,-641,-1,-1,-1,1,-1,-1,-1,1,-1,0x0000000000000009,8.0
2020-02-08,16:20:21.510,84,24.80,0.4,0,-86,40,-466,-198,1024,1023,-425,0,0,-641,-1,-1,-1,1,-1,-1,-1,1,-1,0x0000000000000009,8.0
2020-02-08,16:20:22.030,95,24.80,0.4,0,-263,73,-717,-731,1024,1023,-426,0,0,-642,-1,-1,-1,1,-1,-1,-1,1,-1,0x0000000000000009,8.0
2020-02-08,16:20:22.540,91,24.80,0.4,0,-173,97,-774,-780,1024,1023,-425,0,0,-642,-1,-1,-1,1,-1,-1,-1,1,-1,0x0000000000000009,8.0
2020-02-08,16:20:23.050,91,24.80,0.4,0,-189,88,-612,-503,1024,1023,-426,0,0,-642,-1,-1,-1,1,-1,-1,-1,1,-1,0x0000000000000009,8.0
2020-02-08,16:20:23.570,83,24.80,0.4,0,-186,81,-623,-768,1024,1023,-426,0,0,-642,-1,-1,-1,1,-1,-1,-1,1,-1,0x0000000000000009,8.0
2020-02-08,16:20:24.080,82,24.80,0.4,0,-185,38,-629,-1024,1024,1023,-426,0,0,-642,-1,-1,-1,1,-1,-1,-1,1,-1,0x0000000000000009,8.0
2020-02-08,16:20:24.590,90,24.80,0.4,0,19,64,-369,-1021,1024,1023,-425,0,0,-642,-1,-1,-1,1,-1,-1,-1,1,-1,0x0000000000000009,8.0
2020-02-08,16:20:25.110,87,24.80,0.4,0,-121,44,-480,-936,1024,1023,-425,0,0,-642,-1,-1,-1,1,-1,-1,-1,1,-1,0x0000000000000009,8.0
2020-02-08,16:20:25.630,84,24.80,0.4,0,-63,54,-2,-886,1024,1023,-425,0,0,-642,-1,-1,-1,1,-1,-1,-1,1,-1,0x0000000000000009,8.0
2020-02-08,16:20:26.140,87,24.80,0.4,0,147,79,333,-916,1024,1023,-426,0,0,-642,-1,-1,-1,1,-1,-1,-1,1,-1,0x0000000000000009,8.0
2020-02-08,16:20:26.650,89,24.80,0.4,0,-70,39,-651,-164,1024,1023,-425,0,0,-642,-1,-1,-1,1,-1,-1,-1,1,-1,0x0000000000000009,8.0
2020-02-08,16:20:27.160,95,24.80,0.4,0,-108,17,-744,171,1024,1023,-425,0,0,-642,-1,-1,-1,1,-1,-1,-1,1,-1,0x0000000000000009,8.0
2020-02-08,16:20:27.680,67,24.80,0.4,0,-68,163,-461,-300,1024,1023,-426,0,0,-642,-1,-1,-1,1,-1,-1,-1,1,-1,0x0000000000000009,8.0
2020-02-08,16:20:28.190,90,24.80,0.4,0,53,64,751,-1015,1024,1023,-426,0,0,-642,-1,-1,-1,1,-1,-1,-1,1,-1,0x0000000000000009,8.0
2020-02-08,16:20:28.710,88,24.80,0.4,0,-774,31,1024,-54,1024,1023,-425,0,0,-641,-1,-1,-1,1,-1,-1,-1,1,-1,0x0000000000000009,8.0
2020-02-08,16:20:29.220,83,24.80,0.4,0,8,13,1024,-268,1024,1023,-425,0,0,-642,-1,-1,-1,1,-1,-1,-1,1,-1,0x0000000000000009,8.0
2020-02-08,16:20:29.730,81,24.80,0.4,0,-5,-654,68,-312,1024,1023,-425,0,0,-642,-1,-1,-1,1,-1,-1,-1,1,-1,0x0000000000000009,8.0
2020-02-08,16:20:30.250,83,24.80,0.4,0,-1024,398,49,-901,1024,1023,-425,0,0,-642,-1,-1,-1,1,-1,-1,-1,1,-1,0x0000000000000009,8.0
2020-02-08,16:20:30.760,67,24.80,0.4,0,-744,-46,414,-25,1024,1023,-425,0,0,-642,-1,-1,-1,1,-1,-1,-1,1,-1,0x0000000000000009,8.0
2020-02-08,16:20:31.280,74,24.80,0.4,0,-59,223,292,-479,1024,1023,-425,0,0,-641,-1,-1,-1,1,-1,0,-1,1,-1,0x000000000000000A,8.0
2020-02-08,16:20:31.810,83,24.80,0.4,0,6,14,158,59,1024,1023,-425,0,0,-642,-1,-1,-1,1,-1,0,-1,1,-1,0x000000000000000A,8.0
2020-02-08,16:20:32.330,86,24.80,0.4,0,10,293,-639,121,1024,1023,-426,0,0,-642,-1,-1,-1,1,-1,0,-1,1,-1,0x000000000000000A,8.0
2020-02-08,16:20:32.850,72,24.80,0.4,0,4,13,236,-13,1024,1023,-425,0,0,-642,-1,-1,-1,1,-1,0,-1,1,-1,0x000000000000000A,8.0
2020-02-08,16:20:33.360,84,24.80,0.4,0,-176,82,622,78,1024,1023,-425,0,0,-641,-1,-1,-1,1,-1,0,-1,1,-1,0x000000000000000A,8.0
2020-02-08,16:20:33.870,75,24.80,0.4,0,-106,14,1024,118,1024,1023,-425,0,0,-642,-1,-1,-1,1,-1,0,-1,1,-1,0x000000000000000A,8.0
2020-02-08,16:20:34.390,74,24.80,0.4,0,-109,-307,1024,-122,1024,1023,-425,0,0,-642,-1,-1,-1,1,-1,0,-1,1,-1,0x000000000000000A,8.0
2020-02-08,16:20:34.900,77,24.80,0.4,0,170,-324,981,-14,1024,1023,-425,0,0,-642,-1,-1,-1,1,-1,0,-1,1,-1,0x000000000000000A,8.0
2020-02-08,16:20:35.410,82,24.80,0.4,0,121,-371,597,-18,1024,1023,-425,0,0,-642,-1,-1,-1,1,-1,0,-1,1,-1,0x000000000000000A,7.9
2020-02-08,16:20:35.930,64,24.80,0.4,0,97,-350,139,128,1024,1023,-425,0,0,-642,-1,-1,-1,1,-1,0,-1,1,-1,0x000000000000000A,7.9
2020-02-08,16:20:36.440,76,24.80,0.4,0,77,-236,393,-14,1024,1023,-425,0,0,-642,-1,-1,-1,1,-1,0,-1,1,-1,0x000000000000000A,7.9
2020-02-08,16:20:36.960,76,24.80,0.4,0,43,-52,342,-6,1024,1023,-426,0,0,-642,-1,-1,-1,1,-1,0,-1,1,-1,0x000000000000000A,7.9
2020-02-08,16:20:37.470,82,24.80,0.4,0,34,-113,577,-10,1024,1023,-425,0,0,-642,-1,-1,-1,1,-1,0,-1,1,-1,0x000000000000000A,7.9
2020-02-08,16:20:37.990,93,24.80,0.4,0,93,39,508,-12,1024,1023,-426,0,0,-642,-1,-1,-1,1,-1,0,-1,1,-1,0x000000000000000A,7.9
2020-02-08,16:20:38.520,83,24.80,0.4,0,79,-186,578,212,1024,1023,-426,0,0,-642,-1,-1,-1,1,-1,1,-1,1,-1,0x000000000000000C,7.9
2020-02-08,16:20:39.040,77,24.80,0.4,0,140,-218,662,131,1024,1023,-425,0,0,-642,-1,-1,-1,1,-1,1,-1,1,-1,0x000000000000000C,7.9
2020-02-08,16:20:39.560,76,24.80,0.4,0,91,-283,678,4,1024,1023,-426,0,0,-642,-1,-1,-1,1,-1,1,-1,1,-1,0x000000000000000C,7.9
2020-02-08,16:20:40.080,72,24.80,0.4,0,37,-83,457,145,1024,1023,-425,0,0,-642,-1,-1,-1,1,-1,1,-1,1,-1,0x000000000000000C,7.9
2020-02-08,16:20:40.590,75,24.80,0.4,0,83,-136,479,-45,1024,1023,-426,0,0,-642,-1,-1,-1,1,-1,1,-1,1,-1,0x000000000000000C,7.9
2020-02-08,16:20:41.110,74,24.80,0.4,0,109,-125,566,-87,1024,1023,-425,0,0,-641,-1,-1,-1,1,-1,1,-1,1,-1,0x000000000000000C,7.9
2020-02-08,16:20:41.620,80,24.80,0.4,0,79,-67,485,-410,1024,1023,-425,0,0,-642,-1,-1,-1,1,-1,1,-1,1,-1,0x000000000000000C,7.9
2020-02-08,16:20:42.140,86,24.80,0.4,0,11,-47,433,-289,1024,1023,-426,0,0,-642,-1,-1,-1,1,-1,1,-1,1,-1,0x000000000000000C,7.9
2020-02-08,16:20:42.660,83,24.80,0.4,0,10,-176,682,3,1024,1023,-425,0,0,-642,-1,-1,-1,1,-1,1,-1,1,-1,0x000000000000000C,7.9
2020-02-08,16:20:43.170,91,24.80,0.4,0,-32,-100,769,-22,1024,1023,-426,0,0,-641,-1,-1,-1,1,-1,1,-1,1,-1,0x000000000000000C,7.9
2020-02-08,16:20:43.690,84,24.80,0.4,0,-91,-223,828,-12,1024,1023,-425,0,0,-642,-1,-1,-1,1,-1,1,-1,1,-1,0x000000000000000C,7.9
2020-02-08,16:20:44.210,77,24.80,0.4,0,-108,-190,826,83,1024,1023,-425,0,0,-642,-1,-1,-1,1,-1,1,-1,1,-1,0x000000000000000C,7.9
2020-02-08,16:20:44.720,76,24.80,0.4,0,8,-170,508,225,1024,1023,-425,0,0,-641,-1,-1,-1,1,-1,1,-1,1,-1,0x000000000000000C,7.9
2020-02-08,16:20:45.260,72,24.80,0.4,0,9,103,325,500,1024,1023,-425,0,0,-642,-1,-1,-1,1,-1,1,-1,1,-1,0x000000000000000C,7.9
2020-02-08,16:20:45.790,79,24.80,0.4,0,34,4,254,88,1024,1023,-426,0,0,-642,-1,-1,-1,1,-1,1,-1,1,-1,0x000000000000000C,7.9
2020-02-08,16:20:46.310,69,24.80,0.4,0,36,-48,536,313,1024,1023,-426,0,0,-642,-1,-1,-1,1,-1,1,-1,1,-1,0x000000000000000C,7.9
2020-02-08,16:20:46.830,69,24.80,0.4,0,58,-451,677,212,1024,1023,-425,0,0,-641,-1,-1,-1,1,-1,1,-1,1,-1,0x000000000000000C,7.9
2020-02-08,16:20:47.350,75,24.80,0.4,0,120,-617,154,-13,1024,1023,-425,0,0,-642,-1,-1,-1,1,-1,1,-1,1,-1,0x000000000000000C,7.9
2020-02-08,16:20:47.860,75,24.80,0.4,0,130,-121,129,-147,1024,1023,-426,0,0,-642,-1,-1,-1,1,-1,1,-1,1,-1,0x000000000000000C,7.9
2020-02-08,16:20:48.380,78,24.80,0.4,0,10,12,242,-64,1024,1023,-425,0,0,-641,-1,-1,-1,1,-1,1,-1,1,-1,0x000000000000000C,7.9
2020-02-08,16:20:48.900,77,24.80,0.4,0,-17,-112,451,-50,1024,1023,-425,0,0,-642,-1,-1,-1,1,-1,1,-1,1,-1,0x000000000000000C,7.9
2020-02-08,16:20:49.410,72,24.80,0.4,0,-18,12,380,-117,1024,1023,-425,0,0,-641,-1,-1,-1,1,-1,1,-1,1,-1,0x000000000000000C,7.9
2020-02-08,16:20:49.930,72,24.80,0.4,0,-35,-1,387,-71,1024,1023,-425,0,0,-642,-1,-1,-1,1,-1,1,-1,1,-1,0x000000000000000C,7.9
2020-02-08,16:20:50.440,75,24.80,0.4,0,-2,-27,416,-14,1024,1023,-425,0,0,-642,-1,-1,-1,1,-1,1,-1,1,-1,0x000000000000000C,7.9
2020-02-08,16:20:50.970,71,24.80,0.4,0,22,-169,1024,111,1024,1023,-425,0,0,-641,-1,-1,-1,1,-1,1,-1,1,-1,0x000000000000000C,7.9
2020-02-08,16:20:51.480,63,24.80,0.4,0,10,-145,994,-47,1024,1023,-425,0,0,-641,-1,-1,-1,1,-1,1,-1,1,-1,0x000000000000000C,7.9
2020-02-08,16:20:52.000,83,24.80,0.4,0,11,-508,933,-35,1024,1023,-426,0,0,-642,-1,-1,-1,1,-1,1,-1,1,-1,0x000000000000000C,7.9
2020-02-08,16:20:52.510,88,24.80,0.4,0,12,-406,21,-3,1024,1023,-425,0,0,-642,-1,-1,-1,1,-1,1,-1,1,-1,0x000000000000000C,7.9
2020-02-08,16:20:53.030,79,24.80,0.4,0,-48,-535,429,-12,1024,1023,-425,0,0,-642,-1,-1,-1,1,-1,1,-1,1,-1,0x000000000000000C,7.9
2020-02-08,16:20:53.550,83,24.80,0.4,0,11,5,390,-19,1024,1023,-425,0,0,-641,-1,-1,-1,1,-1,1,-1,1,-1,0x000000000000000C,7.9
2020-02-08,16:20:54.060,82,24.80,0.4,0,104,-99,359,-60,1024,1023,-425,0,0,-642,-1,-1,-1,1,-1,1,-1,1,-1,0x000000000000000C,7.9
2020-02-08,16:20:54.580,91,24.80,0.4,0,16,-275,1024,-35,1024,1023,-425,0,0,-642,-1,-1,-1,1,-1,1,-1,1,-1,0x000000000000000C,7.9
2020-02-08,16:20:55.100,85,24.80,0.4,0,12,-225,1024,-60,1024,1023,-426,0,0,-642,-1,-1,-1,1,-1,1,-1,1,-1,0x000000000000000C,7.9
2020-02-08,16:20:55.610,75,24.80,0.4,0,11,-893,219,119,1024,1023,-425,0,0,-642,-1,-1,-1,1,-1,1,-1,1,-1,0x000000000000000C,7.9
2020-02-08,16:20:56.130,73,24.80,0.4,0,16,-676,607,41,1024,1023,-425,0,0,-642,-1,-1,-1,1,-1,1,-1,1,-1,0x000000000000000C,7.9
2020-02-08,16:20:56.650,80,24.80,0.4,0,11,-207,586,-154,1024,1023,-426,0,0,-642,-1,-1,-1,1,-1,1,-1,1,-1,0x000000000000000C,7.9
2020-02-08,16:20:57.160,87,24.80,0.4,0,10,16,365,-463,1024,1023,-426,0,0,-641,-1,-1,-1,1,-1,1,-1,1,-1,0x000000000000000C,7.9
2020-02-08,16:20:57.680,87,24.80,0.4,0,-1024,112,-673,651,1024,1023,-425,0,0,-641,-1,-1,-1,1,-1,1,-1,1,-1,0x000000000000000C,7.9
2020-02-08,16:20:58.200,77,24.80,0.4,0,-628,436,-6,594,1024,1023,-425,0,0,-642,-1,-1,-1,1,-1,1,-1,1,-1,0x000000000000000C,7.9
2020-02-08,16:20:58.710,81,24.80,0.4,0,-103,-356,272,245,1024,1023,-426,0,0,-642,-1,-1,-1,1,-1,1,-1,1,-1,0x000000000000000C,7.9
2020-02-08,16:20:59.230,80,24.80,0.4,0,13,-190,196,-79,1024,1023,-426,0,0,-642,-1,-1,-1,1,-1,1,-1,1,-1,0x000000000000000C,8.0
2020-02-08,16:20:59.750,91,24.80,0.4,0,-114,-236,-61,163,1024,1023,-426,0,0,-642,-1,-1,-1,1,-1,1,-1,1,-1,0x000000000000000C,8.0
2020-02-08,16:21:00.270,90,24.80,0.4,0,-183,-357,-157,-140,1024,1023,-425,0,0,-642,-1,-1,-1,1,-1,1,-1,1,-1,0x000000000000000C,8.0
2020-02-08,16:21:00.780,80,24.80,0.4,0,-927,62,-347,475,1024,1023,-425,0,0,-641,-1,-1,-1,1,-1,1,-1,1,-1,0x000000000000000C,8.0
2020-02-08,16:21:01.300,85,24.80,0.4,0,-378,261,-575,-244,1024,1023,-426,0,0,-642,-1,-1,-1,1,-1,1,-1,1,-1,0x000000000000000C,8.0
2020-02-08,16:21:01.820,87,24.80,0.4,0,9,-426,-73,658,1024,1023,-425,0,0,-642,-1,-1,-1,1,-1,1,-1,1,-1,0x000000000000000C,8.0
2020-02-08,16:21:02.340,85,24.80,0.4,0,271,17,678,843,1024,1023,-425,0,0,-641,-1,-1,-1,1,-1,1,-1,1,-1,0x000000000000000C,8.0
2020-02-08,16:21:02.850,93,24.80,0.4,0,107,154,765,70,1024,1023,-425,0,0,-642,-1,-1,-1,1,-1,1,-1,1,-1,0x000000000000000C,8.0
2020-02-08,16:21:03.370,90,24.80,0.4,0,-128,126,-690,-745,1024,1023,-425,0,0,-642,-1,-1,-1,1,-1,1,-1,1,-1,0x000000000000000C,8.0
2020-02-08,16:21:03.890,94,24.80,0.4,0,-299,54,-817,-693,1024,1023,-425,0,0,-642,-1,-1,-1,1,-1,1,-1,1,-1,0x000000000000000C,8.0
2020-02-08,16:21:04.410,89,24.80,0.4,0,-188,16,-522,-542,1024,1023,-426,0,0,-641,-1,-1,-1,1,-1,1,-1,1,-1,0x000000000000000C,8.0
2020-02-08,16:21:04.930,88,24.80,0.4,0,-124,27,-487,-687,1024,1023,-425,0,0,-642,-1,-1,-1,1,-1,1,-1,1,-1,0x000000000000000C,8.0
2020-02-08,16:21:05.450,69,24.80,0.4,0,164,-47,554,115,1024,1023,-426,0,0,-642,-1,-1,-1,1,-1,1,-1,1,-1,0x000000000000000C,8.0
2020-02-08,16:21:05.960,76,24.80,0.4,0,-57,-9,-383,707,1024,1023,-426,0,0,-642,-1,-1,-1,1,-1,1,-1,1,-1,0x000000000000000C,8.0
2020-02-08,16:21:06.480,90,24.80,0.4,0,-139,49,-457,-921,1024,1023,-425,0,0,-642,-1,-1,-1,1,-1,1,-1,1,-1,0x000000000000000C,8.0
2020-02-08,16:21:07.000,88,24.80,0.4,0,171,-48,692,515,1024,1023,-426,0,0,-642,-1,-1,-1,1,-1,1,-1,1,-1,0x000000000000000C,8.0
2020-02-08,16:21:07.520,88,24.80,0.4,0,-157,74,-548,-405,1024,1023,-426,0,0,-642,-1,-1,-1,1,-1,1,-1,1,-1,0x000000000000000C,8.0
2020-02-08,16:21:08.040,84,24.80,0.4,0,202,63,745,221,1024,1023,-425,0,0,-641,-1,-1,-1,1,-1,1,-1,1,-1,0x000000000000000C,8.0
2020-02-08,16:21:08.550,90,24.80,0.4,0,-182,129,-607,-475,1024,1023,-426,0,0,-642,-1,-1,-1,1,-1,1,-1,1,-1,0x000000000000000C,8.0
2020-02-08,16:21:09.070,86,24.80,0.4,0,209,-1,659,268,1024,1023,-425,0,0,-642,-1,-1,-1,1,-1,1,-1,1,-1,0x000000000000000C,8.0
2020-02-08,16:21:09.590,91,24.80,0.4,0,-139,72,-496,-102,1024,1023,-426,0,0,-642,-1,-1,-1,1,-1,1,-1,1,-1,0x000000000000000C,8.0
2020-02-08,16:21:10.110,94,24.80,0.4,0,28,25,9,-996,1024,1023,-425,0,0,-641,-1,-1,-1,1,-1,1,-1,1,-1,0x000000000000000C,8.0
2020-02-08,16:21:10.630,98,24.80,0.4,0,180,-9,563,852,1024,1023,-425,0,0,-642,-1,-1,-1,1,-1,1,-1,1,-1,0x000000000000000C,8.0
2020-02-08,16:21:11.140,94,24.80,0.4,0,183,-91,585,1024,1024,1023,-425,0,0,-642,-1,-1,-1,1,-1,1,-1,1,-1,0x000000000000000C,8.0
2020-02-08,16:21:11.660,88,24.80,0.4,0,-32,11,-914,-375,1024,1023,-425,0,0,-642,-1,-1,-1,1,-1,1,-1,1,-1,0x000000000000000C,8.0
2020-02-08,16:21:12.180,92,24.80,0.4,0,-904,39,-1024,-302,1024,1023,-425,0,0,-641,-1,-1,-1,1,-1,1,-1,1,-1,0x000000000000000C,8.0
2020-02-08,16:21:12.700,74,24.80,0.4,0,44,489,-1024,-14,1024,1023,-425,0,0,-642,-1,-1,-1,1,-1,1,-1,1,-1,0x000000000000000C,8.0
2020-02-08,16:21:13.220,81,24.80,0.4,0,66,405,-830,-403,1024,1023,-426,0,0,-642,-1,-1,-1,1,-1,1,-1,1,-1,0x000000000000000C,8.0
2020-02-08,16:21:13.730,82,24.80,0.4,0,-51,531,-549,443,1024,1023,-425,0,0,-642,-1,-1,-1,1,-1,1,-1,1,-1,0x000000000000000C,8.0
2020-02-08,16:21:14.260,83,24.80,0.4,0,-81,-30,-569,-14,1024,1023,-425,0,0,-641,-1,-1,-1,1,-1,1,-1,1,-1,0x000000000000000C,8.0
2020-02-08,16:21:14.770,80,24.80,0.4,0,11,-86,-83,-16,1024,1023,-426,0,0,-641,-1,-1,-1,1,-1,1,-1,1,-1,0x000000000000000C,8.0
2020-02-08,16:21:15.290,85,24.80,0.4,0,89,-19,236,198,1024,1023,-425,0,0,-642,-1,-1,-1,1,-1,1,-1,1,-1,0x000000000000000C,8.0
2020-02-08,16:21:15.810,91,24.80,0.4,0,101,-161,449,-14,1024,1023,-425,0,0,-641,-1,-1,-1,1,-1,1,-1,1,-1,0x000000000000000C,8.0
2020-02-08,16:21:16.330,90,24.80,0.4,0,148,-157,673,-15,1024,1023,-426,0,0,-641,-1,-1,-1,1,-1,1,-1,1,-1,0x000000000000000C,8.0
2020-02-08,16:21:16.850,81,24.80,0.4,0,170,-216,632,226,1024,1023,-425,0,0,-641,-1,-1,-1,1,-1,1,-1,1,-1,0x000000000000000C,8.0
2020-02-08,16:21:17.370,85,24.80,0.4,0,13,-55,706,115,1024,1023,-425,0,0,-642,-1,-1,-1,1,-1,1,-1,1,-1,0x000000000000000C,8.0
2020-02-08,16:21:17.890,78,24.80,0.4,0,10,-233,770,-123,1024,1023,-425,0,0,-642,-1,-1,-1,1,-1,1,-1,1,-1,0x000000000000000C,8.0
2020-02-08,16:21:18.410,73,24.80,0.4,0,11,-45,691,113,1024,1023,-425,0,0,-641,-1,-1,-1,1,-1,1,-1,1,-1,0x000000000000000C,8.0
2020-02-08,16:21:18.930,81,24.80,0.4,0,22,-93,593,-13,1024,1023,-425,0,0,-642,-1,-1,-1,1,-1,1,-1,1,-1,0x000000000000000C,8.0
2020-02-08,16:21:19.450,81,24.80,0.4,0,98,-206,635,-7,1024,1023,-425,0,0,-642,-1,-1,-1,1,-1,1,-1,1,-1,0x000000000000000C,8.0
2020-02-08,16:21:19.970,71,24.80,0.4,0,127,-232,410,96,1024,1023,-425,0,0,-641,-1,-1,-1,1,-1,1,-1,1,-1,0x000000000000000C,8.0
2020-02-08,16:21:20.490,69,24.80,0.4,0,106,-254,415,21,1024,1023,-425,0,0,-642,-1,-1,-1,1,-1,1,-1,1,-1,0x000000000000000C,8.0
2020-02-08,16:21:21.010,78,24.80,0.4,0,37,-115,494,-10,1024,1023,-426,0,0,-642,-1,-1,-1,1,-1,1,-1,1,-1,0x000000000000000C,8.0
2020-02-08,16:21:21.520,83,24.80,0.4,0,44,-228,592,55,1024,1023,-426,0,0,-642,-1,-1,-1,1,-1,1,-1,1,-1,0x000000000000000C,8.0
2020-02-08,16:21:22.040,87,24.80,0.4,0,61,-95,504,-14,1024,1023,-425,0,0,-642,-1,-1,-1,1,-1,1,-1,1,-1,0x000000000000000C,8.0
2020-02-08,16:21:22.570,82,24.80,0.4,0,64,-176,508,95,1024,1023,-425,0,0,-642,-1,-1,-1,1,-1,1,-1,1,-1,0x000000000000000C,8.0
2020-02-08,16:21:23.090,77,24.80,0.4,0,81,-214,525,32,1024,1023,-426,0,0,-642,-1,-1,-1,1,-1,1,-1,1,-1,0x000000000000000C,7.9
2020-02-08,16:21:23.600,65,24.80,0.4,0,91,-199,530,-158,1024,1023,-425,0,0,-641,-1,-1,-1,1,-1,1,-1,1,-1,0x000000000000000C,7.9
2020-02-08,16:21:24.120,67,24.80,0.4,0,85,-88,500,-89,1024,1023,-425,0,0,-642,-1,-1,-1,1,-1,1,-1,1,-1,0x000000000000000C,7.9
2020-02-08,16:21:24.650,62,24.80,0.4,0,113,-107,389,101,1024,1023,-426,0,0,-642,-1,-1,-1,1,-1,1,-1,1,-1,0x000000000000000C,7.9
2020-02-08,16:21:25.170,69,24.80,0.4,0,59,-63,359,-44,1024,1023,-425,0,0,-642,-1,-1,-1,1,-1,1,-1,1,-1,0x000000000000000C,7.9
2020-02-08,16:21:25.690,71,24.80,0.4,0,18,14,356,-351,1024,1023,-426,0,0,-642,-1,-1,-1,1,-1,1,-1,1,-1,0x000000000000000C,7.9
2020-02-08,16:21:26.200,72,24.80,0.4,0,10,-186,382,-378,1024,1023,-425,0,0,-642,-1,-1,-1,1,-1,1,-1,1,-1,0x000000000000000C,7.9
2020-02-08,16:21:26.730,75,24.80,0.4,0,-36,-332,418,-187,1024,1023,-425,0,0,-642,-1,-1,-1,1,-1,1,-1,1,-1,0x000000000000000C,7.9
2020-02-08,16:21:27.250,80,24.80,0.4,0,-79,-315,459,20,1024,1023,-426,0,0,-642,-1,-1,-1,1,-1,1,-1,1,-1,0x000000000000000C,7.9
2020-02-08,16:21:27.770,73,24.80,0.4,0,-110,-305,443,38,1024,1023,-425,0,0,-641,-1,-1,-1,1,-1,1,-1,1,-1,0x000000000000000C,7.9
2020-02-08,16:21:28.280,59,24.80,0.4,0,-126,-160,469,73,1024,1023,-425,0,0,-641,-1,-1,-1,1,-1,1,-1,1,-1,0x000000000000000C,7.9
2020-02-08,16:21:28.810,79,24.80,0.4,0,-41,-34,417,244,1024,1023,-425,0,0,-642,-1,-1,-1,1,-1,1,-1,1,-1,0x000000000000000C,7.9
2020-02-08,16:21:29.330,73,24.80,0.4,0,10,-150,737,43,1024,1023,-425,0,0,-642,-1,-1,-1,1,-1,1,-1,1,-1,0x000000000000000C,7.9
2020-02-08,16:21:29.850,78,24.80,0.4,0,11,-88,823,93,1024,1023,-425,0,0,-642,-1,-1,-1,1,-1,1,-1,1,-1,0x000000000000000C,7.9
2020-02-08,16:21:30.370,81,24.80,0.4,0,10,-167,850,-13,1024,1023,-426,0,0,-641,-1,-1,-1,1,-1,1,-1,1,-1,0x000000000000000C,7.9
2020-02-08,16:21:30.890,74,24.80,0.4,0,10,-201,863,-13,1024,1023,-425,0,0,-642,-1,-1,-1,1,-1,1,-1,1,-1,0x000000000000000C,7.9
2020-02-08,16:21:31.410,72,24.80,0.4,0,10,-309,844,-14,1024,1023,-425,0,0,-642,-1,-1,-1,1,-1,1,-1,1,-1,0x000000000000000C,7.9
2020-02-08,16:21:31.930,71,24.80,0.4,0,10,-448,458,-14,1024,1023,-425,0,0,-642,-1,-1,-1,1,-1,1,-1,1,-1,0x000000000000000C,7.9
2020-02-08,16:21:32.450,76,24.80,0.4,0,10,-234,242,-36,1024,1023,-425,0,0,-642,-1,-1,-1,1,-1,1,-1,1,-1,0x000000000000000C,7.9
2020-02-08,16:21:32.970,81,24.80,0.4,0,10,-123,378,92,1024,1023,-426,0,0,-642,-1,-1,-1,1,-1,1,-1,1,-1,0x000000000000000C,7.9
2020-02-08,16:21:33.490,77,24.80,0.4,0,33,-78,469,121,1024,1023,-425,0,0,-641,-1,-1,-1,1,-1,1,-1,1,-1,0x000000000000000C,7.9
2020-02-08,16:21:34.010,77,24.80,0.4,0,71,-242,485,227,1024,1023,-425,0,0,-641,-1,-1,-1,1,-1,1,-1,1,-1,0x000000000000000C,7.9
2020-02-08,16:21:34.530,66,24.80,0.4,0,129,-402,425,-16,1024,1023,-425,0,0,-642,-1,-1,-1,1,-1,1,-1,1,-1,0x000000000000000C,7.9
2020-02-08,16:21:35.060,64,24.80,0.4,0,159,-251,316,169,1024,1023,-425,0,0,-642,-1,-1,-1,1,-1,1,-1,1,-1,0x000000000000000C,7.9
2020-02-08,16:21:35.580,74,24.80,0.4,0,156,-331,325,-325,1024,1023,-426,0,0,-642,-1,-1,-1,1,-1,1,-1,1,-1,0x000000000000000C,7.9
2020-02-08,16:21:36.100,74,24.80,0.4,0,5,-107,474,-81,1024,1023,-426,0,0,-642,-1,-1,-1,1,-1,1,-1,1,-1,0x000000000000000C,7.9
2020-02-08,16:21:36.620,76,24.80,0.4,0,10,27,388,-219,1024,1023,-425,0,0,-642,-1,-1,-1,1,-1,1,-1,1,-1,0x000000000000000C,7.9
2020-02-08,16:21:37.140,81,24.80,0.4,0,10,-82,482,-13,1024,1023,-425,0,0,-642,-1,-1,-1,1,-1,1,-1,1,-1,0x000000000000000C,7.9
2020-02-08,16:21:37.660,73,24.80,0.4,0,10,-54,759,70,1024,1023,-426,0,0,-642,-1,-1,-1,1,-1,1,-1,1,-1,0x000000000000000C,7.9
2020-02-08,16:21:38.180,85,24.80,0.4,0,8,-249,974,-78,1024,1023,-426,0,0,-642,-1,-1,-1,1,-1,1,-1,1,-1,0x000000000000000C,7.9
2020-02-08,16:21:38.700,84,24.80,0.4,0,-45,-143,993,66,1024,1023,-425,0,0,-642,-1,-1,-1,1,-1,1,-1,1,-1,0x000000000000000C,7.9
2020-02-08,16:21:39.230,81,24.80,0.4,0,-24,-501,827,56,1024,1023,-425,0,0,-641,-1,-1,-1,1,-1,1,-1,1,-1,0x000000000000000C,7.9
2020-02-08,16:21:39.750,70,24.80,0.4,0,-21,-301,286,-12,1024,1023,-425,0,0,-642,-1,-1,-1,1,-1,1,-1,1,-1,0x000000000000000C,7.9
2020-02-08,16:21:40.270,76,24.80,0.4,0,-97,-187,613,257,1024,1023,-425,0,0,-642,-1,-1,-1,1,-1,1,-1,1,-1,0x000000000000000C,7.9
2020-02-08,16:21:40.790,81,24.80,0.4,0,9,-44,558,43,1024,1023,-425,0,0,-642,-1,-1,-1,1,-1,1,-1,1,-1,0x000000000000000C,7.9
2020-02-08,16:21:41.320,77,24.80,0.4,0,10,-205,796,13,1024,1023,-425,0,0,-642,-1,-1,-1,1,-1,1,-1,1,-1,0x000000000000000C,7.9
2020-02-08,16:21:41.840,86,24.80,0.4,0,10,-207,893,23,1024,1023,-425,0,0,-641,-1,-1,-1,1,-1,1,-1,1,-1,0x000000000000000C,7.9
2020-02-08,16:21:42.360,84,24.80,0.4,0,9,-268,760,81,1024,1023,-426,0,0,-641,-1,-1,-1,1,-1,1,-1,1,-1,0x000000000000000C,7.9
2020-02-08,16:21:42.880,60,24.80,0.4,0,4,-545,263,212,1024,1023,-425,0,0,-642,-1,-1,-1,1,-1,1,-1,1,-1,0x000000000000000C,7.9
2020-02-08,16:21:43.400,77,24.80,0.4,0,-77,-239,84,-10,1024,1023,-425,0,0,-642,-1,-1,-1,1,-1,1,-1,1,-1,0x000000000000000C,7.9
2020-02-08,16:21:43.920,73,24.80,0.4,0,-77,-276,245,288,1024,1023,-425,0,0,-642,-1,-1,-1,1,-1,1,-1,1,-1,0x000000000000000C,7.9
2020-02-08,16:21:44.440,80,24.80,0.4,0,-326,24,123,-251,1024,1023,-425,0,0,-641,-1,-1,-1,1,-1,1,-1,1,-1,0x000000000000000C,7.9
2020-02-08,16:21:44.980,86,24.80,0.4,0,-181,-47,-12,-33,1024,1023,-426,0,0,-642,-1,-1,-1,1,-1,1,-1,1,-1,0x000000000000000C,7.9
2020-02-08,16:21:45.480,84,24.80,0.4,0,-237,-83,47,-160,1024,1023,-425,0,0,-642,-1,-1,-1,1,-1,-1,-1,1,-1,0x0000000000000009,7.9
2020-02-08,16:21:46.020,87,24.80,0.4,0,-150,14,104,31,1024,1023,-425,0,0,-642,-1,-1,-1,1,-1,-1,-1,1,-1,0x0000000000000009,7.9
2020-02-08,16:21:46.550,88,24.80,0.4,0,12,-787,710,366,1024,1023,-425,0,0,-641,-1,-1,-1,1,-1,-1,-1,1,-1,0x0000000000000009,7.9
2020-02-08,16:21:47.080,84,24.80,0.4,0,25,-161,177,-185,1024,1023,-425,0,0,-642,-1,-1,-1,1,-1,-1,-1,1,-1,0x0000000000000009,7.9
2020-02-08,16:21:47.600,76,24.80,0.4,0,-30,-388,84,-10,1024,1023,-425,0,0,-642,-1,-1,-1,1,-1,-1,-1,1,-1,0x0000000000000009,7.9
2020-02-08,16:21:48.130,88,24.80,0.4,0,-59,-121,44,-12,1024,1023,-425,0,0,-642,-1,-1,-1,1,-1,-1,-1,1,-1,0x0000000000000009,7.9
2020-02-08,16:21:48.650,91,24.80,0.4,0,9,-164,-54,-4,1024,1023,-425,0,0,-642,-1,-1,-1,1,-1,-1,-1,1,-1,0x0000000000000009,7.9
2020-02-08,16:21:49.170,92,24.80,0.4,0,59,-579,-414,-59,1024,1023,-426,0,0,-642,-1,-1,-1,1,-1,-1,-1,1,-1,0x0000000000000009,7.9
2020-02-08,16:21:49.690,85,24.80,0.4,0,-77,-132,-18,-60,1024,1023,-425,0,0,-642,-1,-1,-1,1,-1,-1,-1,1,-1,0x0000000000000009,7.9
2020-02-08,16:21:50.220,77,24.80,0.4,0,-29,-604,64,-16,1024,1023,-425,0,0,-641,-1,-1,-1,1,-1,-1,-1,1,-1,0x0000000000000009,7.9
2020-02-08,16:21:50.740,90,24.80,0.4,0,8,-383,390,-10,1024,1023,-426,0,0,-642,-1,-1,-1,1,-1,-1,-1,1,-1,0x0000000000000009,7.9
2020-02-08,16:21:51.260,97,24.80,0.4,0,6,-428,424,723,1024,1023,-425,0,0,-642,-1,-1,-1,1,-1,-1,-1,1,-1,0x0000000000000009,7.9
2020-02-08,16:21:51.780,81,24.80,0.4,0,-27,-423,-169,375,1024,1023,-425,0,0,-642,-1,-1,-1,1,-1,-1,-1,1,-1,0x0000000000000009,7.9
2020-02-08,16:21:52.310,98,24.80,0.4,0,-3,-370,-186,-14,1024,1023,-425,0,0,-642,-1,-1,-1,1,-1,-1,-1,1,-1,0x0000000000000009,7.9
2020-02-08,16:21:52.830,98,24.80,0.4,0,14,-362,-42,-19,1024,1023,-425,0,0,-642,-1,-1,-1,1,-1,-1,-1,1,-1,0x0000000000000009,7.9
2020-02-08,16:21:53.350,90,24.80,0.4,0,24,-357,397,2,1024,1023,-425,0,0,-641,-1,-1,-1,1,-1,-1,-1,1,-1,0x0000000000000009,7.9
2020-02-08,16:21:53.880,90,24.80,0.4,0,10,-307,390,-9,1024,1023,-425,0,0,-642,-1,-1,-1,1,-1,-1,-1,1,-1,0x0000000000000009,7.9
2020-02-08,16:21:54.400,92,24.80,0.4,0,10,-508,216,-15,1024,1023,-425,0,0,-642,-1,-1,-1,1,-1,-1,-1,1,-1,0x0000000000000009,7.9
2020-02-08,16:21:54.920,91,24.80,0.4,0,-225,-439,-74,-4,1024,1023,-426,0,0,-642,-1,-1,-1,1,-1,-1,-1,1,-1,0x0000000000000009,7.9
2020-02-08,16:21:55.450,90,24.80,0.4,0,-322,-58,-250,-265,1024,1023,-425,0,0,-642,-1,-1,-1,1,-1,-1,-1,1,-1,0x0000000000000009,7.9
2020-02-08,16:21:55.970,95,24.80,0.4,0,-235,1,-102,-20,1024,1023,-426,0,0,-642,-1,-1,-1,1,-1,-1,-1,1,-1,0x0000000000000009,7.9
2020-02-08,16:21:56.500,99,24.80,0.4,0,-29,-165,-263,114,1024,1023,-425,0,0,-642,-1,-1,-1,1,-1,-1,-1,1,-1,0x0000000000000009,7.9
2020-02-08,16:21:57.020,97,24.80,0.4,0,8,-1,-179,-32,1024,1023,-425,0,0,-642,-1,-1,-1,1,-1,-1,-1,1,-1,0x0000000000000009,7.9
2020-02-08,16:21:57.540,96,24.80,0.4,0,-5,16,-224,-85,1024,1023,-425,0,0,-642,-1,-1,-1,1,-1,-1,-1,1,-1,0x0000000000000009,7.9
2020-02-08,16:21:58.060,98,24.80,0.4,0,-18,20,-268,-70,1024,1023,-426,0,0,-642,-1,-1,-1,1,-1,-1,-1,1,-1,0x0000000000000009,7.9
2020-02-08,16:21:58.590,100,24.80,0.4,0,1,16,-218,68,1024,1023,-425,0,0,-642,-1,-1,-1,1,-1,-1,-1,1,-1,0x0000000000000009,7.9
2020-02-08,16:21:59.110,97,24.80,0.4,0,-3,44,-194,-13,1024,1023,-425,0,0,-641,-1,-1,-1,1,-1,-1,-1,1,-1,0x0000000000000009,7.9
2020-02-08,16:21:59.640,98,24.80,0.4,0,11,38,-178,52,1024,1023,-425,0,0,-642,-1,-1,-1,1,-1,-1,-1,1,-1,0x0000000000000009,7.9
2020-02-08,16:22:00.160,99,24.80,0.4,0,11,70,-153,-133,1024,1023,-426,0,0,-642,-1,-1,-1,1,-1,-1,-1,1,-1,0x0000000000000009,7.9
2020-02-08,16:22:00.690,98,24.80,0.4,0,-9,14,-251,-107,1024,1023,-425,0,0,-642,-1,-1,-1,1,-1,-1,-1,1,-1,0x0000000000000009,7.9
2020-02-08,16:22:01.210,97,24.80,0.4,0,0,10,-283,10,1024,1023,-425,0,0,-641,-1,-1,-1,1,-1,-1,-1,1,-1,0x0000000000000009,7.9
2020-02-08,16:22:01.730,97,24.80,0.4,0,4,39,-224,36,1024,1023,-425,0,0,-642,-1,-1,-1,1,-1,-1,-1,1,-1,0x0000000000000009,7.9
2020-02-08,16:22:02.260,94,24.80,0.4,0,9,18,-195,-43,1024,1023,-425,0,0,-642,-1,-1,-1,1,-1,-1,-1,1,-1,0x0000000000000009,7.9
2020-02-08,16:22:02.780,91,24.80,0.4,0,9,59,-177,-15,1024,1023,-425,0,0,-642,-1,-1,-1,1,-1,-1,-1,1,-1,0x0000000000000009,7.9
2020-02-08,16:22:03.300,93,24.80,0.4,0,10,2,-250,-20,1024,1023,-425,0,0,-642,-1,-1,-1,1,-1,-1,-1,1,-1,0x0000000000000009,7.9
2020-02-08,16:22:03.830,97,24.80,0.4,0,9,13,-262,-13,1024,1023,-426,0,0,-642,-1,-1,-1,1,-1,-1,-1,1,-1,0x0000000000000009,7.9
2020-02-08,16:22:04.350,98,24.80,0.4,0,10,82,-186,-41,1024,1023,-425,0,0,-641,-1,-1,-1,1,-1,-1,-1,1,-1,0x0000000000000009,7.9
2020-02-08,16:22:04.880,85,24.80,0.4,0,10,-50,-190,-14,1024,1023,-425,0,0,-641,-1,-1,-1,1,-1,-1,-1,1,-1,0x0000000000000009,7.9
2020-02-08,16:22:05.400,97,24.80,0.4,0,10,28,-222,-15,1024,1023,-426,0,0,-642,-1,-1,-1,1,-1,-1,-1,1,-1,0x0000000000000009,7.9
2020-02-08,16:22:05.920,85,24.80,0.4,0,10,36,-213,-15,1024,1023,-426,0,0,-642,-1,-1,-1,1,-1,-1,-1,1,-1,0x0000000000000009,7.9
2020-02-08,16:22:06.450,85,24.80,0.4,0,10,26,-204,-22,1024,1023,-425,0,0,-642,-1,-1,-1,1,-1,-1,-1,1,-1,0x0000000000000009,7.9
2020-02-08,16:22:06.970,96,24.80,0.4,0,6,16,-206,33,1024,1023,-425,0,0,-641,-1,-1,-1,1,-1,-1,-1,1,-1,0x0000000000000009,7.9
2020-02-08,16:22:07.500,99,24.80,0.4,0,10,6,-221,-13,1024,1023,-425,0,0,-642,-1,-1,-1,1,-1,-1,-1,1,-1,0x0000000000000009,7.9
2020-02-08,16:22:08.020,99,24.80,0.4,0,10,14,-206,-15,1024,1023,-426,0,0,-642,-1,-1,-1,1,-1,-1,-1,1,-1,0x0000000000000009,7.9
2020-02-08,16:22:08.550,101,24.80,0.4,0,10,20,-221,-15,1024,1023,-425,0,0,-642,-1,-1,-1,1,-1,-1,-1,1,-1,0x0000000000000009,7.9
2020-02-08,16:22:09.080,100,24.80,0.4,0,10,16,-218,-55,1024,1023,-425,0,0,-642,-1,-1,-1,1,-1,-1,-1,1,-1,0x0000000000000009,7.9
2020-02-08,16:22:09.600,99,24.80,0.4,0,10,18,-201,66,1024,1023,-425,0,0,-642,-1,-1,-1,1,-1,-1,-1,1,-1,0x0000000000000009,7.9
2020-02-08,16:22:10.120,99,24.80,0.4,0,10,16,-179,-15,1024,1023,-425,0,0,-642,-1,-1,-1,1,-1,-1,-1,1,-1,0x0000000000000009,7.9
2020-02-08,16:22:10.650,100,24.80,0.4,0,10,24,-212,-67,1024,1023,-425,0,0,-641,-1,-1,-1,1,-1,-1,-1,1,-1,0x0000000000000009,7.9
2020-02-08,16:22:11.180,99,24.80,0.4,0,10,36,-234,-14,1024,1023,-425,0,0,-642,-1,-1,-1,1,-1,-1,-1,1,-1,0x0000000000000009,7.9
2020-02-08,16:22:11.710,100,24.80,0.4,0,10,95,-211,-14,1024,1023,-425,0,0,-642,-1,-1,-1,1,-1,-1,-1,1,-1,0x0000000000000009,7.9
2020-02-08,16:22:12.240,101,24.80,0.4,0,10,14,-188,-14,1024,1023,-425,0,0,-642,-1,-1,-1,1,-1,-1,-1,1,-1,0x0000000000000009,7.9
2020-02-08,16:22:12.760,101,24.80,0.4,0,10,2,-189,-7,1024,1023,-425,0,0,-641,-1,-1,-1,1,-1,-1,-1,1,-1,0x0000000000000009,7.9
2020-02-08,16:22:13.290,95,24.80,0.4,0,9,1,-229,-14,1024,1023,-426,0,0,-642,-1,-1,-1,1,-1,-1,-1,1,-1,0x0000000000000009,7.9
2020-02-08,16:22:13.810,92,24.80,0.4,0,10,11,-218,-14,1024,1023,-426,0,0,-642,-1,-1,-1,1,-1,-1,-1,1,-1,0x0000000000000009,7.9
2020-02-08,16:22:14.340,96,24.80,0.4,0,10,-14,-179,-106,1024,1023,-425,0,0,-641,-1,-1,-1,1,-1,-1,-1,1,-1,0x0000000000000009,7.9
2020-02-08,16:22:14.870,97,24.80,0.4,0,6,14,-222,43,1024,1023,-426,0,0,-642,-1,-1,-1,1,-1,-1,-1,1,-1,0x0000000000000009,7.9
2020-02-08,16:22:15.420,92,24.80,0.4,0,10,14,-194,13,1024,1023,-426,0,0,-642,-1,-1,-1,1,-1,-1,-1,1,-1,0x0000000000000009,7.9
2020-02-08,16:22:15.960,94,24.80,0.4,0,10,2,-188,-12,1024,1023,-426,0,0,-642,-1,-1,-1,1,-1,-1,-1,1,-1,0x0000000000000009,7.9
2020-02-08,16:22:16.480,89,24.80,0.4,0,10,13,-183,-13,1024,1023,-425,0,0,-642,-1,-1,-1,1,-1,-1,-1,1,-1,0x0000000000000009,7.9
2020-02-08,16:22:17.010,93,24.80,0.4,0,10,-3,-195,16,1024,1023,-425,0,0,-641,-1,-1,-1,1,-1,-1,-1,1,-1,0x0000000000000009,7.9
2020-02-08,16:22:17.540,94,24.80,0.4,0,10,-6,-190,10,1024,1023,-425,0,0,-642,-1,-1,-1,1,-1,-1,-1,1,-1,0x0000000000000009,7.9
2020-02-08,16:22:18.060,93,24.80,0.4,0,10,11,-210,-1,1024,1023,-425,0,0,-641,-1,-1,-1,1,-1,-1,-1,1,-1,0x0000000000000009,7.9
2020-02-08,16:22:18.580,96,24.80,0.4,0,10,-36,-208,41,1024,1023,-425,0,0,-642,-1,-1,-1,1,-1,-1,-1,1,-1,0x0000000000000009,7.9
2020-02-08,16:22:19.110,89,24.80,0.4,0,-10,8,-199,-13,1024,1023,-426,0,0,-642,-1,-1,-1,1,-1,-1,-1,1,-1,0x0000000000000009,7.9
2020-02-08,16:22:19.640,92,24.80,0.4,0,10,36,-155,-83,1024,1023,-426,0,0,-642,-1,-1,-1,1,-1,-1,-1,1,-1,0x0000000000000009,7.9
2020-02-08,16:22:20.160,96,24.80,0.4,0,10,48,-193,50,1024,1023,-426,0,0,-642,-1,-1,-1,1,-1,-1,-1,1,-1,0x0000000000000009,7.9
2020-02-08,16:22:20.690,96,24.80,0.4,0,9,143,-849,-10,1024,1023,-426,0,0,-642,-1,-1,-1,1,-1,-1,-1,1,-1,0x0000000000000009,7.9
2020-02-08,16:22:21.210,95,24.80,0.4,0,-82,47,-1024,-14,1024,1023,-425,0,0,-641,-1,-1,-1,1,-1,-1,-1,1,-1,0x0000000000000009,7.9
2020-02-08,16:22:21.740,83,24.80,0.4,0,-593,24,-1024,-9,1024,1023,-426,0,0,-642,-1,-1,-1,1,-1,-1,-1,1,-1,0x0000000000000009,7.9
2020-02-08,16:22:22.270,79,24.80,0.4,0,96,134,-1009,-83,1024,1023,-425,0,0,-642,-1,-1,-1,1,-1,-1,-1,1,-1,0x0000000000000009,7.9
2020-02-08,16:22:22.790,76,24.80,0.4,0,11,-56,-1024,-35,1024,1023,-425,0,0,-642,-1,-1,-1,1,-1,-1,-1,1,-1,0x0000000000000009,7.9
2020-02-08,16:22:23.320,73,24.80,0.4,0,-19,29,-1024,60,1024,1023,-426,0,0,-642,-1,-1,-1,1,-1,-1,-1,1,-1,0x0000000000000009,7.9
2020-02-08,16:22:23.840,78,24.80,0.4,0,-28,4,-1024,221,1024,1023,-426,0,0,-642,-1,-1,-1,1,-1,-1,-1,1,-1,0x0000000000000009,7.9
2020-02-08,16:22:24.370,73,24.80,0.4,0,5,14,-1024,-13,1024,1023,-425,0,0,-641,-1,-1,-1,1,-1,-1,-1,1,-1,0x0000000000000009,7.9
2020-02-08,16:22:24.910,74,24.80,0.4,0,38,-627,43,40,1024,1023,-425,0,0,-642,-1,-1,-1,1,-1,-1,-1,1,-1,0x0000000000000009,7.9
2020-02-08,16:22:25.450,62,24.80,0.4,0,-23,-354,65,3,1024,1023,-426,0,0,-642,-1,-1,-1,1,-1,-1,-1,1,-1,0x0000000000000009,7.9
2020-02-08,16:22:25.990,60,24.80,0.4,0,10,-136,93,-18,1024,1023,-425,0,0,-641,-1,-1,-1,1,-1,-1,-1,1,-1,0x0000000000000009,7.9
2020-02-08,16:22:26.520,66,24.80,0.4,0,66,-39,131,-13,1024,1023,-425,0,0,-642,-1,-1,-1,1,-1,-1,-1,1,-1,0x0000000000000009,7.9
